"Código del Producto","Grupo de Productos","Unidad de Medida (UdM) predeterminada","Permitir Inventario Negativo","Nombre del Producto","Mantener Stock","Precio de venta estándar"
"PP022","Polipropileno","Unidad","1","BOLSA ADHESIVA 20 X 29 X 100 UND","1","6200.0"
"VR055","Varios","Unidad","1","BOMBA DESTAQUEADORA","1","44000.0"
"D137","Desechables","Unidad","1","COPA SALSERA CARTON 1.5 OZ CON TAPA X 50 UND","1","20800.0"
"V042-1","Vasos Desechables","Unidad","1","COPA VENECIANA 3 OZ X 10 UND CON TAPA","1","3800.0"
"J007-1","Jabones","Unidad","1","SUPER ROMBO X 3 UND","1","61800.0"
"J028-2","Jabones","Unidad","1","DETERGENTE LAVANDA 20 LITROS","1","121900.0"
"J019-3","Jabones","Unidad","1","JIRAX NEUTRO X 4 LITROS","1","25600.0"
"P028-1","Papelería","Unidad","1","TALONARIO EGRESO EFECTIVO","1","3300.0"
"CI026-4","Varios","Unidad","1","PISTOLA PARA SILICONA BARRA DELGADA","1","9800.0"
"T044-2","Bolsa Transparente","Unidad","1","BOLSA AL VACIO NYLON 20 X 30 X 100UN","1","29200.0"
"T044-1","Bolsa Transparente","Unidad","1","BOLSA AL VACIO NYLON 20 X 35 X 200UN","1","94300.0"
"AP021-2","Aseo Personal","Unidad","1","CEPILLO ORAL B X UNIDAD","1","7500.0"
"AP021-1","Aseo Personal","Unidad","1","CEPILLO ORAL B X 5 UND","1","34500.0"
"UC012","Varios","Unidad","1","ESPONJILLA DE BRILLO SAN JORGE","1","3400.0"
"D085-1","Desechables","Unidad","1","SERVILLETA SEDAMAX X 300 UND","1","4200.0"
"D085","Desechables","Unidad","1","SERVILLETA SEDAMAX 300 CAJA DE 15 PAQUETES","1","0.0"
"J019-2","Jabones","Unidad","1","JIRAX LIQUIDO X 4 LITROS","1","26500.0"
"J017-1","Jabones","Unidad","1","JIRAX LIQUIDO X 500 GRS","1","4100.0"
"UC009-1","Varios","Unidad","1","TOALLA DE MANOS RENDIPEL 450","1","18900.0"
"MP050","Materia Prima","Unidad","1","TUBULAR 31 NEGRO C2.5","1","0.0"
"PM022","Plástico por Metros","Metro","1","TUBULAR 20 BLANCO ALTA DENSIDAD","1","0.0"
"D023-3","Desechables","Unidad","1","BANDEJA #1 X 20 UNIDADES","1","2200.0"
"PP013","Polipropileno","Unidad","1","POLIPROPILENO 12 X 18","1","0.0"
"MP062","Materia Prima","Unidad","1","TUBULAR 24 NEGRO C1.1","1","0.0"
"AP004-4","Aseo Personal","Unidad","1","PRESTOBARBA SCHICK 4 HOJAS HOMBRE X 10 UND","1","43500.0"
"AP004-3","Aseo Personal","Unidad","1","PRESTOBARBA SCHICK 4 HOJAS MUJER X 10 UND","1","43500.0"
"VR027-1","Varios","Unidad","1","STRECH INDUSTRIAL X 15 CM NEGRO","1","12200.0"
"CI026-3","Varios","Unidad","1","SILICONA EN BARRA DELGADA","1","500.0"
"D136-1","Desechables","Unidad","1","PLATO TERMICO BIODEGRADABLE 23 CM X 20 CM","1","6500.0"
"D135-1","Desechables","Unidad","1","PLATO TERMICO BIODEGRADABLE 30 OZ X 20 UND","1","8200.0"
"D136","Desechables","Unidad","1","CAJA PARA ALIMENTOS 26 ONZAS X 50 UND","1","26900.0"
"D135","Desechables","Unidad","1","CAJA PARA ALIMENTOS 45 ONZAS X 50 UND","1","32700.0"
"D134-1","Desechables","Unidad","1","PLATO TERMICO BIODEGRABALE 15.5 CM X 20 UND","1","3200.0"
"VV026","Velas","Unidad","1","VELON 7 POTENCIAS","1","9300.0"
"P024-3","Papelería","Unidad","1","TIJERAS","1","8400.0"
"P024-2","Papelería","Unidad","1","LAPICERO OFFIESCO RETRACTIL 0.7 X CAJA","1","10800.0"
"BA011","Bolsas Basura Negras","Unidad","1","ROLLO PARAFINADO IMPRESO 50 METROS","1","21600.0"
"BA010","Bolsas Basura Negras","Unidad","1","ROLLO PARAFINADO IMPRESO 10 METROS","1","4500.0"
"BA009","Bolsas Basura Negras","Unidad","1","BOLSA DE ALUMINIO 14 X 18 X 100","1","14800.0"
"P125-2","Papelería","Unidad","1","BANDEJA 1 PUESTO NEGRA CON TAPA X 20 UND","1","16200.0"
"PP021","Polipropileno","Unidad","1","BOLSA ADHESIVA 30X40 X 100UND","1","15400.0"
"PP020","Polipropileno","Unidad","1","BOLSA ADHESIVA 25 X 33 X 100 UND","1","11600.0"
"PP019","Polipropileno","Unidad","1","BOLSA ADHESIVA 8 X 12 X 100 UND","1","4600.0"
"N013","Nevera","Unidad","1","NEVERA 1 LITRO","1","0.0"
"N014","Nevera","Unidad","1","NEVERA 7 LITROS","1","18400.0"
"PP018","Polipropileno","Unidad","1","BOLSA ADHESIVA 35 X 45 X 100 UND","1","18800.0"
"PP017","Polipropileno","Unidad","1","BOLSA ADHESIVA 15 X 25 X 100 UND","1","5200.0"
"PP016","Polipropileno","Unidad","1","BOLSA ADHESIVA 12 X 18 X 100 UND","1","5900.0"
"PP015","Polipropileno","Unidad","1","BOLSA ADHESIVA 23 X 33 X 100UND","1","9900.0"
"V047","Vasos Desechables","Unidad","1","VASO 5 OZ TTE X 50","1","2600.0"
"V035-4","Vasos Desechables","Unidad","1","VASO MUNDIAL 12 OZ X 20 UND","1","8000.0"
"D150","Desechables","Unidad","1","TAPA BOWL 750 CC Y 100CC X 50 UND","1","20000.0"
"D149-1","Desechables","Unidad","1","BOWL DE BAMBOO 1000CC X 50 UND","1","31800.0"
"D149","Desechables","Unidad","1","BOWL DE BAMBOO 750CC X 50 UND","1","27200.0"
"V038-3","Vasos Desechables","Unidad","1","VASO 10 OZ ICOPOR X 20","1","4900.0"
"V038-2","Vasos Desechables","Unidad","1","VASO 16 OZ ICOPOR X 20","1","10500.0"
"J012-3","Jabones","Unidad","1","LIMPIAPISOS X 10 LITROS","1","45000.0"
"J026-5","Jabones","Unidad","1","DETERGENTE BEBE 4 LITROS","1","30200.0"
"J028-1","Jabones","Unidad","1","DETERGENTE LAVANDA-BEBE 10 LITROS","1","64500.0"
"D042-3","Desechables","Unidad","1","TAPA PLANA PARA VASO RESQ 9-12-16-20 OZ X 50 UND","1","9900.0"
"VR045-1","Varios","Unidad","1","CUCHILLA REPUESTO BISTURI X 10 UND","1","2000.0"
"CI026-2","Varios","Unidad","1","SILICONA LIQUIDA 100ML","1","3600.0"
"CI026-1","Varios","Unidad","1","PISTOLA PARA SILICONA BARRA GRUESA","1","14200.0"
"CI026","Varios","Unidad","1","SILICONA EN BARRA GRUESA","1","800.0"
"CI025","Varios","Unidad","1","DISPENSADOR CINTA ANCHA","1","18400.0"
"P021-3","Papelería","Unidad","1","MARCADOR PARA BILLETE","1","3500.0"
"P037-2","Papelería","Unidad","1","CHISPAS PRECIO PEQUEÑA X 100","1","9200.0"
"P037-1","Papelería","Unidad","1","CHISPAS PRECIO EXTRA GRANDE X 100","1","26000.0"
"D035-3","Desechables","Unidad","1","TAPA VASO 12 TRANSPARENTE","1","5400.0"
"UC011","Varios","Unidad","1","GUANTE DE NITRILO TALLA L M S","1","22100.0"
"D052-2","Desechables","Unidad","1","CRISTAFLEX X 300 METROS (PAPEL CHICLE)","1","15000.0"
"D052-1","Desechables","Unidad","1","BOLSA ALUMINIO PIZZA","1","6000.0"
"VV046","Velas","Unidad","1","VELA DESEOS NAVIDAD","1","12700.0"
"VV045","Velas","Unidad","1","VELON NAVIDAD","1","10800.0"
"VR057","Varios","Unidad","1","CARBÓN 5 LIBRAS","1","13400.0"
"VV0046","Velas","Unidad","1","VELON MADRES","1","10900.0"
"VR056","Varios","Unidad","1","MAQUINA CHEQUEADORA DE BILLETES","1","58000.0"
"CI024","Varios","Unidad","1","CINTA TRANSPARENTE DE 1 PULGADA","1","1200.0"
"V035-3","Vasos Desechables","Unidad","1","TAPA VASO 5 - 6 Y 7 OZ X 50","1","3400.0"
"P035-1","Papelería","Unidad","1","LAPIZ MIRADO ROJO X 12 UND","1","20200.0"
"P035","Papelería","Unidad","1","LAPIZ MIRADO ROJO X UNIDAD","1","2000.0"
"UC010","Varios","Unidad","1","LIMPIDO BLANQUEADOR 1800 ML","1","3200.0"
"VR054","Varios","Unidad","1","RECARGADOR DE GAS ENCENDEDOR LLAMA","1","2500.0"
"VR053","Varios","Unidad","1","ENCENDEDOR LLAMA MINI RETRACTIL","1","4200.0"
"D133","Desechables","Unidad","1","CONTENEDOR REUTILIZABLE CIRCULAR X UNIDAD","1","2000.0"
"RK015","Rollo por Kilos","Kg","1","ROLLO MARQUESINA ABRE A 10 CALIBRE 8","1","27400.0"
"PM021","Plástico por Metros","Metro","1","TELA BLANCA CUBRESUELOS ABRE A 3.80 METROS","1","16900.0"
"P037","Papelería","Unidad","1","CHISPAS PRECIOS GRANDE X 100","1","22100.0"
"J028","Jabones","Unidad","1","DETERGENTE 4 LITROS LAVANDA","1","30200.0"
"J019-1","Jabones","Unidad","1","LAVAPLATOS LIQUIDO 4 LITROS","1","34500.0"
"VR052","Varios","Unidad","1","BOMBILLO 12 W","1","3900.0"
"VR051","Varios","Unidad","1","BOMBILLO 9 W","1","2800.0"
"VR050","Varios","Unidad","1","BOMBILLO 15 W","1","4600.0"
"D132","Desechables","Unidad","1","PITILLO JUMBO X 250","1","24400.0"
"D131","Desechables","Unidad","1","TARRINA 12 ONZAS CON TAPA X 25","1","14800.0"
"D126","Desechables","Unidad","1","JL1 X 20","1","8200.0"
"VR049","Varios","Unidad","1","ENCENDEDOR PISTOLA","1","5600.0"
"VR048","Varios","Unidad","1","ENCENDEDOR METEORO","1","5300.0"
"VR047","Varios","Unidad","1","ENCENDEDOR FLEXIBLE","1","8400.0"
"D139","Desechables","Unidad","1","MEZCLADOR DE LICOR LARGO X 100 UND","1","14800.0"
"D138","Desechables","Unidad","1","MEZCLADOR DE LICOR CORTO X 100 UND","1","8900.0"
"J026-4","Jabones","Unidad","1","DOYPACK DETERGENTE LAVANDA 2 LITROS","1","14800.0"
"CI006","Varios","Unidad","1","CINTA PARA INJERTAR X 200","1","11200.0"
"VR044","Varios","Unidad","1","STRECH INDUSTRIAL X 15 cm       TTE","1","9800.0"
"D130","Desechables","Unidad","1","CAPACILLO X 100 UND","1","2600.0"
"D0126","Desechables","Unidad","1","BASE 33 CM DOMO CIRCULAR X UNIDAD","1","5500.0"
"D119-1","Desechables","Unidad","1","DOMO PLATO PANDO #23 X UNIDAD","1","1300.0"
"D005-4","Desechables","Unidad","1","PLATO PANDO 23 NEGRO X UNIDAD","1","400.0"
"D129","Desechables","Unidad","1","COPA 1.5 OZ SALSERA PEQUEÑA X 50 UND","1","2900.0"
"D122-1","Desechables","Unidad","1","VISUALPACK MIAMI 5 X 5 X 20 UND","1","17800.0"
"VR037","Varios","Unidad","1","PLEGADIZA SUELTA","1","430.0"
"P125-1","Papelería","Unidad","1","BANDEJA 3 PUESTOS NEGRA CON TAPA X UNIDAD","1","2000.0"
"P024-1","Papelería","Unidad","1","LAPICERO X UNIDAD","1","1000.0"
"P125","Papelería","Unidad","1","BANDEJA 3 PUESTOS NEGRA CON TAPA X 20 UND","1","27400.0"
"P011-2","Papelería","Unidad","1","GRAPADORA BOSTITCH PC6","1","0.0"
"D125-1","Desechables","Unidad","1","BASE 17CM DOMO CIRCULAR X UNIDAD","1","1900.0"
"D125","Desechables","Unidad","1","BASE 21 CM DOMO RECTANGULAR X UNIDAD","1","2700.0"
"D124-1","Desechables","Unidad","1","VISUALPACK 2 CUPCAKES - MUFFINS X 20 UND","1","26700.0"
"D124","Desechables","Unidad","1","TAPA VASO 3.5 Y COPA 1.5 SALSERA TTE X 50","1","2900.0"
"CI016","Varios","Unidad","1","CINTA COLORES X 100 METROS","1","5900.0"
"D123-1","Desechables","Unidad","1","MINI PACK L BISAGRA X 10 UND","1","12200.0"
"D123","Desechables","Unidad","1","MINI PACK L BISAGRA CAJA X 200 UND","1","225700.0"
"D122","Desechables","Unidad","1","VISUALPACK CUPCAKES - MUFFINS X 20 UND","1","13200.0"
"D121","Desechables","Unidad","1","DOMO PLATO PANDO # 15.5 Y 12 OZ HONDO X 20","1","11500.0"
"D118-1","Desechables","Unidad","1","BASE 28 CM DOMO CIRCULAR X UNIDAD","1","3800.0"
"D118","Desechables","Unidad","1","BASE 20.5 CM DOMO RECTANGULAR X UNIDAD","1","1800.0"
"D117-1","Desechables","Unidad","1","BASE 25.5 CM DOMO CIRCULAR X UNIDAD","1","3700.0"
"D117","Desechables","Unidad","1","SAFETYPLUS 12 OZ X 10 UND","1","8000.0"
"D115-1","Desechables","Unidad","1","BASE 22CM DOMO CIRCULAR X UNIDAD","1","3000.0"
"D115","Desechables","Unidad","1","BASE 22 CM DOMO CIRCULAR CAJA X 50","1","137200.0"
"AP022","Aseo Personal","Unidad","1","PAPEL HIGIENICO FAMILIA X 12 ROLLOS","1","25500.0"
"D076-4","Desechables","Unidad","1","SERVILLETA FAMILIA X 200","1","2600.0"
"D076-3","Desechables","Unidad","1","SERVILLETA FAMILIA X 450","1","7400.0"
"D005-3","Desechables","Unidad","1","PLATO PANDO 23 X 20 NEGRO","1","6500.0"
"J009-3","Jabones","Unidad","1","MAXIMO BARRA X UNIDAD","1","3200.0"
"UC004-2","Varios","Unidad","1","CAUCHO OLLA SILICONADO X 10","1","21000.0"
"AP004-2","Aseo Personal","Unidad","1","PRESTOBARBA SCHICK X UNIDAD","1","4600.0"
"D047-1","Desechables","Unidad","1","CAJA PERRO TIMBRADA X 20","1","3000.0"
"D050-1","Desechables","Unidad","1","CAJA HAMBURGUESA TIMBRADA X 20","1","3000.0"
"UC004-1","Varios","Unidad","1","CAUCHO OLLA SILICONADO UNIDAD","1","2300.0"
"VR038-2","Varios","Unidad","1","CANDELERA GOLPE Y MARTILLO X UNIDAD","1","1000.0"
"D120","Desechables","Unidad","1","SELLOPLUS 12 OZ TAPA ALTA X 25","1","21600.0"
"D119","Desechables","Unidad","1","DOMO PLATO PANDO # 23 X 20","1","25300.0"
"D030-3","Desechables","Unidad","1","BASE 17 CON DOMO VISUAL  X UNIDAD","1","2100.0"
"D030-2","Desechables","Unidad","1","BASE 17 CON DOMO VISUAL CAJA X 50 UND UND","1","83300.0"
"D042-2","Desechables","Unidad","1","TAPA ESPUMADA MOLDE LASAÑA 16 OZ X 20","1","3400.0"
"D076-2","Desechables","Unidad","1","SERVILLETA FAMILIA X 600","1","11200.0"
"VV029","Velas","Unidad","1","VELON  # 22 MORADO","1","3000.0"
"V003-2","Vasos Desechables","Unidad","1","VASO COLORES 12 OZ X 12 UND","1","7700.0"
"D044-2","Desechables","Unidad","1","MOLDE ALUMINIO 104 OZ (OFICIO)","1","2800.0"
"D044-1","Desechables","Unidad","1","MOLDE ALUMINIO 68 OZ (CARTA)","1","2400.0"
"D118-2","Desechables","Unidad","1","CONTENEDOR TRIANGULO X 25 UND","1","14900.0"
"D117-2","Desechables","Unidad","1","DOMO BANDEJA # 1 X 25 UND","1","14800.0"
"D023-2","Desechables","Unidad","1","BANDEJA # 1 NEGRA X 25 UNIDADES","1","3000.0"
"P029-4","Papelería","Unidad","1","TALONARIO RIFA GRANDE","1","2200.0"
"P029-3","Papelería","Unidad","1","TALONARIO RIFA PEQUEÑO","1","1400.0"
"P014-2","Papelería","Unidad","1","GANCHO EXTRAFINO TRITON (5.000)","1","21500.0"
"BA007-2","Bolsas Basura Negras","Unidad","1","ROLLO PARAFINADO 100 MTS BLANCO","1","27800.0"
"BA007-1","Bolsas Basura Negras","Unidad","1","ROLLO PARAFINADO  50 MTS BLANCO","1","14500.0"
"P001-3","Papelería","Unidad","1","ROLLO 1110 BLANCO-AMARILLO","1","1300.0"
"J012-2","Jabones","Unidad","1","LIMPIAPISOS JIRAFA 500 ML","1","2800.0"
"BC053-1","Bolsas de Colores","Unidad","1","24 X 34 BLANCA CALIBRE 1.5 X 10","1","6900.0"
"D114","Desechables","Unidad","1","CONTENEDOR DOBLE USO 24 OZ CON TAPA X 25","1","23200.0"
"D0015","Desechables","Unidad","1","CONTENEDOR CANOA RESQ X 25 UND","1","8100.0"
"D113","Desechables","Unidad","1","VASO RESQ 16 OZ X 12 UND","1","5600.0"
"D112","Desechables","Unidad","1","VASO RESQ 12 OZ X 12 UND","1","4700.0"
"D111","Desechables","Unidad","1","VASO RESQ 9 OZ X 12 UND","1","4400.0"
"D110","Desechables","Unidad","1","TAPA DOMO PARA VASO RESQ 9-12-16-20 OZ X 50 UND","1","10600.0"
"D109","Desechables","Unidad","1","TAPA DOMO - PLANA PARA VASO RESQ 9-12-16 OZ X 12 UND","1","2700.0"
"D045-3","Desechables","Unidad","1","CONTENEDOR 4 DIVISIONES RESQ NEGRO CON TAPA X UND","1","3900.0"
"D042-1","Desechables","Unidad","1","TAPA CRISTAL MOLDE LASAÑA 16 OZ X 20","1","6900.0"
"P029-2","Papelería","Unidad","1","TALONARIO AUTOCOPIANTE GRANDE","1","5000.0"
"D045-2","Desechables","Unidad","1","CONTENEDOR DOBLE USO 16 OZ CON TAPA X 25","1","21700.0"
"D015-2","Desechables","Unidad","1","TRIPLETA CON SERVILLETA X 50","1","14700.0"
"D024-2","Desechables","Unidad","1","BANDEJA # 25 X 20","1","18700.0"
"D108","Desechables","Unidad","1","TAPA DOMO PARA VASO X 32","1","12300.0"
"CI023","Varios","Unidad","1","CINTA MARQUESINA 4 PULGADAS","1","27900.0"
"D107","Desechables","Unidad","1","CONTENEDOR REUTILIZABLE NEGRO X 10 UND","1","13700.0"
"D106","Desechables","Unidad","1","TAPA COPA PANDA 3 OZ X 100","1","7200.0"
"D105","Desechables","Unidad","1","COPA PANDA 3 OZ X 100","1","9600.0"
"VR019-1","Varios","Unidad","1","METRO TRIPA POLLO","1","200.0"
"P029-1","Papelería","Unidad","1","TALONARIO AUTOCOPIANTE MEDIANO","1","3200.0"
"D116","Desechables","Unidad","1","PITILLO CUCHARA X 200","1","15800.0"
"AP019","Aseo Personal","Unidad","1","GORRO ORUGA BLANCO X 100","1","15200.0"
"D103","Desechables","Unidad","1","J2 BIODEGRADABLE X 20","1","11800.0"
"CI015","Varios","Unidad","1","CINTA AISLANTE","1","1600.0"
"J012-1","Jabones","Unidad","1","LIMPIAPISOS 4 LITROS","1","17200.0"
"J012","Jabones","Unidad","1","LIMPIAPISOS 1 LITRO","1","5200.0"
"RK014","Rollo por Kilos","Kg","1","ROLLO MARQUESINA ABRE 8 METROS CALIBRE 7 (0.76m)","1","27400.0"
"D104","Desechables","Unidad","1","J2 BIODEGRADABLE A GRANEL X 200","1","85000.0"
"D022-4","Desechables","Unidad","1","MEZCLADOR PLANO DE MADERA X 500","1","4200.0"
"D097","Desechables","Unidad","1","J1 A GRANEL BIODEGRADABLE","1","65000.0"
"D096","Desechables","Unidad","1","J1 X 20 BIODEGRADABLE","1","11800.0"
"BP018","Bolsas de Papel","Unidad","1","BOLSA DE PAPEL FARMACIA 110","1","4000.0"
"PM019-2","Plástico por Metros","Metro","1","POLISOMBRA AL 80% ABRE A 4 METROS","1","6900.0"
"V020-2","Vasos Desechables","Unidad","1","VELA 30 X 15 COLOR","1","5000.0"
"PM024","Plástico por Metros","Metro","1","MARQUESINA (CALIBRE 8) ABRE A 10 METROS","1","49000.0"
"D095","Desechables","Unidad","1","P3 X 10 BAGAZO DE CAÑA","1","12200.0"
"D094","Desechables","Unidad","1","J2 X 10 BAGAZO DE CAÑA","1","14700.0"
"D093","Desechables","Unidad","1","TAPA CONTENEDOR 16 ONZAS X 25 BAMBOO","1","0.0"
"D092","Desechables","Unidad","1","CONTENEDOR 16 OZ CON TAPA X 25 BAMBOO","1","32700.0"
"NR032-2","Negro Recuperado","Unidad","1","30 X 45 ENCILAR PASTO X 20","1","48000.0"
"C029","Cargaderas","Unidad","1","T20 BLANCA BIODEGRADABLE","1","4000.0"
"C028","Cargaderas","Unidad","1","T20 NEGRA BIODEGRADABLE","1","4000.0"
"BP017","Bolsas de Papel","Unidad","1","BOLSA DE PAPEL 25 LIBRAS","1","30500.0"
"MP079","Materia Prima","Unidad","1","TUBULAR 18 ROJO ALTA C 1.1","1","0.0"
"C027","Cargaderas","Unidad","1","T40 BLANCA BIODEGRADABLE","1","11900.0"
"C026","Cargaderas","Unidad","1","T30 NEGRA BIODEGRADABLE","1","10000.0"
"C025","Cargaderas","Unidad","1","T30 BLANCA BIODEGRADABLE","1","10000.0"
"C024","Cargaderas","Unidad","1","T25 BLANCA BIODEGRADABLE","1","6300.0"
"C023","Cargaderas","Unidad","1","T25 NEGRA BIODEGRADABLE","1","5200.0"
"PM002-2","Plástico por Metros","Metro","1","MARQUESINA (CALIBRE 8) ABRE A 6 METROS","1","28400.0"
"PM003-3","Plástico por Metros","Metro","1","MARQUESINA (CALIBRE 8) ABRE A 8 METROS","1","38500.0"
"PM012-2","Plástico por Metros","Metro","1","NEGRO (CALIBRE 8) ABRE A 8 METROS","1","26400.0"
"CI014","Varios","Unidad","1","CINTA AISLANTE NEGRA","1","1200.0"
"NR041","Negro Recuperado","Unidad","1","37 X 51 X 1 BASURA","1","1400.0"
"VV044","Velas","Unidad","1","VELON CIRIO # 22","1","30000.0"
"BC053","Bolsas de Colores","Unidad","1","24 X 34 BLANCA CALIBRE 1.5 X 50","1","31400.0"
"T009-1","Bolsa Transparente","Unidad","1","3 X 14 CAL.1,5 Pqt*250(PULPA)","1","12700.0"
"MP074","Materia Prima","Unidad","1","TUBULAR 24 BLANCO ALTA C.12","1","0.0"
"MP073","Materia Prima","Unidad","1","TUBULAR 23 TRANSPARENTE ALTA","1","0.0"
"J009-2","Jabones","Unidad","1","MAXIMO LIQUIDO 4 LITROS","1","21500.0"
"S001","Services","Unidad","1","SERVICIO DE FLETE","0","0.0"
"D039-2","Desechables","Unidad","1","P1 A GRANEL X 200","1","105000.0"
"BO037-1","Bolsas Blancas","Unidad","1","24 X34 X 10 UNIDADES","1","2500.0"
"MP067","Materia Prima","Unidad","1","TUBULAR 24+3+3 BLANCO","1","0.0"
"MP061","Materia Prima","Unidad","1","TUBULAR 24+3+3 ROJO","1","0.0"
"MP060","Materia Prima","Unidad","1","TUBULAR 24 4+4 (1.20) NARANJA","1","0.0"
"MP058","Materia Prima","Unidad","1","TUBULAR 32 (1.0) VERDE","1","0.0"
"MP055","Materia Prima","Unidad","1","TUBULAR 24  VERDE","1","0.0"
"MP054","Materia Prima","Unidad","1","TUBULAR 24  ROJO","1","0.0"
"MP051","Materia Prima","Unidad","1","TUBULAR 1.3 (JUMBO)","1","0.0"
"MP049","Materia Prima","Unidad","1","TUBULAR 14 VERDE","1","0.0"
"MP048","Materia Prima","Unidad","1","TUBULAR 22 TRANSPARENTE (2)","1","0.0"
"MP047-1","Materia Prima","Unidad","1","TUBULAR 30 ROJO AD","1","0.0"
"MP047","Materia Prima","Unidad","1","TUBULAR 30  BLANCO A.D","1","0.0"
"MP046","Materia Prima","Unidad","1","TUBULAR 20 TRANSPARENTE (2)","1","0.0"
"MP045","Materia Prima","Unidad","1","TUBULAR 26 BLANCO","1","0.0"
"MP044","Materia Prima","Unidad","1","TUBULAR 14 BLANCO","1","0.0"
"MP043","Materia Prima","Unidad","1","TUBULAR 12 BLANCO","1","0.0"
"MP042","Materia Prima","Unidad","1","TUBULAR 10 BLANCO","1","0.0"
"MP041","Materia Prima","Unidad","1","TUBULAR 8 BLANCO","1","0.0"
"MP040","Materia Prima","Unidad","1","TUBULAR 28 TRANSPARENTE BAJA (1.5)","1","0.0"
"MP039","Materia Prima","Unidad","1","TUBULAR 24 TRANSPARENTE BAJA(1.5)","1","0.0"
"MP038","Materia Prima","Unidad","1","TUBULAR 22 TRANSPARENTE BAJA (1.5)","1","0.0"
"MP037","Materia Prima","Unidad","1","TUBULAR 20  (1.5) T.B.D","1","0.0"
"MP036","Materia Prima","Unidad","1","TUBULAR 18  (2.0) T.B.D","1","0.0"
"MP035","Materia Prima","Unidad","1","TUBULAR 18  (1.5) T.B.D","1","0.0"
"MP034","Materia Prima","Unidad","1","TUBULAR 12 TRANSPARENTE BAJA(1.5)","1","0.0"
"MP033","Materia Prima","Unidad","1","TUBULAR 24 TRANSPARENTE BAJA (0.70)","1","0.0"
"MP032","Materia Prima","Unidad","1","TUBULAR 22 TRANSPARENTE BAJA (0.70)","1","0.0"
"MP031","Materia Prima","Unidad","1","TUBULAR 20 TRANSPARENTE BAJA (0.70)","1","0.0"
"MP030","Materia Prima","Unidad","1","TUBULAR 18  T.B.D","1","0.0"
"MP029","Materia Prima","Unidad","1","TUBULAR 16 TRANSPARENTE BAJA (0.70)","1","0.0"
"MP028","Materia Prima","Unidad","1","TUBULAR 14 TRANSPARENTE BAJA (0.70)","1","0.0"
"MP027","Materia Prima","Unidad","1","TUBULAR 20 TRANSPARENTE ALTA","1","0.0"
"MP026","Materia Prima","Unidad","1","TUBULAR 18 TRANSPARENTE ALTA (0.35)","1","0.0"
"MP025","Materia Prima","Unidad","1","TUBULAR 16 TRANSPARENTE ALTA (0.35)","1","0.0"
"MP024","Materia Prima","Unidad","1","TUBULAR 14 TRANSPARENTE ALTA (0.35)","1","0.0"
"MP023","Materia Prima","Unidad","1","TUBULAR 12 TRANSPARENTE ALTA (0.35)","1","0.0"
"MP022","Materia Prima","Unidad","1","TUBULAR 11  T.A.D","1","0.0"
"MP021","Materia Prima","Unidad","1","TUBULAR 9 TRANSPARENTE OPACA CALIBRE (0.35)","1","0.0"
"MP020","Materia Prima","Unidad","1","TUBULAR 16.5+1 NR (13 X 21)","1","0.0"
"MP019","Materia Prima","Unidad","1","TUBULAR 28+4+4C 1.3(37 X 51)","1","0.0"
"MP018","Materia Prima","Unidad","1","TUBULAR 8 +2+2 NEGRO RECUPERADO CALIBRE (3)","1","0.0"
"MP017","Materia Prima","Unidad","1","TUBULAR 30 ENCILAR NEGRORECUPERADOCALIBRE (2.5)","1","0.0"
"MP016","Materia Prima","Unidad","1","TUBULAR 26 NR CALIBRE(0.90)(26 X 40)","1","0.0"
"MP015","Materia Prima","Unidad","1","TUBULAR 24 NEGRO RECUPERADO (8.50)","1","0.0"
"MP014","Materia Prima","Unidad","1","TUBULAR 16 BLANCO ALTA C035","1","0.0"
"MP013","Materia Prima","Unidad","1","TUBULAR 18 NR CALIBRE (0.85)(5X9)(6X9)(4X 9)","1","0.0"
"MP012","Materia Prima","Unidad","1","TUBULAR 16 NR CALIBRE (0.85)(6X8)(5X8)(4X8)","1","0.0"
"MP011","Materia Prima","Unidad","1","TUBULAR 14 NEGRO RECUPERADO CALIBRE (0.80)(5 X 7)","1","0.0"
"MP010","Materia Prima","Unidad","1","TUBULAR 12 NEGRO RECUPERADO CALIBRE (0.80)","1","0.0"
"MP009","Materia Prima","Unidad","1","TUBULAR 20 NEGRO CALIBRE (O,55)","1","0.0"
"MP008","Materia Prima","Unidad","1","TUBULAR 16 NEGRO CALIBRE 0,55-","1","0.0"
"MP007","Materia Prima","Unidad","1","TUBULAR 14 NEGRO (0.55)","1","0.0"
"MP006","Materia Prima","Unidad","1","TUBULAR 20 NEGRO","1","0.0"
"MP005","Materia Prima","Unidad","1","TUBULAR 16 NEGRO","1","0.0"
"MP004","Materia Prima","Unidad","1","TUBULAR 14 NEGRO","1","0.0"
"MP003","Materia Prima","Unidad","1","TUBULAR 12 NEGRO (0.35)","1","0.0"
"MP002","Materia Prima","Unidad","1","TUBULAR 10 NEGRO (0.35)","1","0.0"
"MP001","Materia Prima","Unidad","1","TUBULAR 8 NEGRO CALIBRE 0.35","1","0.0"
"VV025","Velas","Unidad","1","VELON # 22","1","27000.0"
"VV024","Velas","Unidad","1","VELON # 4","1","3600.0"
"VV023","Velas","Unidad","1","VELON  AROMAS X 1","1","6400.0"
"VV022","Velas","Unidad","1","VELON CITRONELA X 1","1","5200.0"
"VV021-1","Velas","Unidad","1","VELA 30 X 8 ROJA","1","5400.0"
"VV021","Velas","Unidad","1","VELON CORONA ADVIENTO","1","15500.0"
"VV020-1","Velas","Unidad","1","VELA 30 X 15 COLOR CAJA X 30 UND","1","133500.0"
"VV020","Velas","Unidad","1","VELON FRASCO GRANDE #14 X 1","1","13300.0"
"VV019-1","Velas","Unidad","1","VELON ENVASE SAN JORGE","1","8800.0"
"VV019","Velas","Unidad","1","VELON FRASCO MEDIANO #9 X 1","1","6400.0"
"VV018","Velas","Unidad","1","VELON FRASCO PEQUEÑO #10 X 1","1","0.0"
"VV017","Velas","Unidad","1","VELON FRASCO COMPOTA #13 X 1","1","2500.0"
"VV016","Velas","Unidad","1","VELON # 18","1","20400.0"
"VV015","Velas","Unidad","1","VELON # 16","1","13800.0"
"VV014","Velas","Unidad","1","VELON # 12","1","11600.0"
"VV013","Velas","Unidad","1","VELON # 10","1","7400.0"
"VV012","Velas","Unidad","1","VELON # 8","1","5400.0"
"VV011","Velas","Unidad","1","VELON # 7","1","4300.0"
"VV010","Velas","Unidad","1","VELON # 6","1","2900.0"
"VV009-1","Velas","Unidad","1","VELON Nº 2 X 12","1","22200.0"
"VV009","Velas","Unidad","1","VELON # 2","1","2200.0"
"VV008-1","Velas","Unidad","1","VELON # 0 PAQUETE 6 UNIDADES","1","7200.0"
"VV008","Velas","Unidad","1","VELON # 0 UNIDAD","1","1300.0"
"VV007-1","Velas","Unidad","1","VELA 60 X 10 COLOR X CAJA","1","159000.0"
"VV007","Velas","Unidad","1","VELA 60 X 10 COLOR X 1","1","3000.0"
"VV006-1","Velas","Unidad","1","VELA 60 X 10 CAJA X 60","1","171000.0"
"VV006","Velas","Unidad","1","VELA 60 X 10","1","3000.0"
"VV005","Velas","Unidad","1","VELA 45 X 20","1","6300.0"
"VV004","Velas","Unidad","1","FAROL PASCUALITO X 10 UND","1","5500.0"
"VV003","Velas","Unidad","1","VELA 30 X 10 GRANDE","1","9800.0"
"VV002","Velas","Unidad","1","VELA 30 X 10 ESPECIAL","1","4000.0"
"VV001","Velas","Unidad","1","VELA 30 X 10","1","5000.0"
"VR046","Varios","Unidad","1","RAQUETA MATAMOSCAS","1","19500.0"
"VR045","Varios","Unidad","1","CUCHILLO INOXIDABLE X 1","1","7300.0"
"VR043","Varios","Unidad","1","LIMA GAVILAN X 1","1","6700.0"
"VR042","Varios","Unidad","1","AGUJA DE ARRIA 7 Y 8 PULGADAS","1","2200.0"
"VR041","Varios","Unidad","1","LINTERNA GRANDE 1165 X 1","1","12800.0"
"VR040","Varios","Unidad","1","LINTERNA MEDIANA 1164","1","9800.0"
"VR038-1","Varios","Unidad","1","BISTURI METALICO","1","4500.0"
"VR038","Varios","Unidad","1","ENCENDEDOR SOPLETE","1","13500.0"
"VR036","Varios","Unidad","1","CANDELERA LINTERNA X 25","1","16800.0"
"VR035","Varios","Unidad","1","CANDELERA DE GOLPE X 25  MACAO","1","12200.0"
"VR034","Varios","Unidad","1","CANDELERA SAN JORGE GOLPE X 25 UND","1","18200.0"
"VR033-1","Varios","Unidad","1","BISTURI ENCAUCHETADO","1","3500.0"
"VR033","Varios","Unidad","1","CANDELERA TOKAI X 25","1","28900.0"
"VR032-1","Varios","Unidad","1","CANDELERA MAXI BIC UNIDAD","1","4200.0"
"VR032","Varios","Unidad","1","CANDELERA MINI BIC UNIDAD","1","3000.0"
"VR031","Varios","Unidad","1","CANDELERA EL SOL-FRAGATA X 25 UND","1","16800.0"
"VR030","Varios","Unidad","1","FIBRA X METRO","1","100.0"
"VR029-1","Varios","Unidad","1","IMPERMEABLE METALIZADO","1","12800.0"
"VR029","Varios","Unidad","1","IMPERMEABLE DESECHABLE","1","4400.0"
"VR028","Varios","Unidad","1","CARTON SUELTO","1","700.0"
"VR027","Varios","Unidad","1","STRECH INDUSTRIAL X 30 cm NEGRO","1","22500.0"
"VR026","Varios","Unidad","1","FIBRA GRUESA 170 GRS","1","3200.0"
"VR025","Varios","Unidad","1","STRECH INDUSTRIAL X 45 cm     TTE","1","29800.0"
"VR024","Varios","Unidad","1","STRECH INDUSTRIAL X 30 cm      TTE","1","18500.0"
"VR023","Varios","Unidad","1","STRECH INDUSTRIAL X 20 cm     TTE","1","12500.0"
"VR022","Varios","Unidad","1","STRECH INDUSTRIAL X 12.5 cm       TTE","1","8400.0"
"VR021","Varios","Unidad","1","MALLA SINT X 1000 MTS LEGUMBRERIA","1","115100.0"
"VR020","Varios","Unidad","1","MALLA SINT X 500 MTS   LEGUMBRERIA","1","46600.0"
"VR019","Varios","Unidad","1","BOLA TIRA X 1 KILO    MULTIUSOS","1","6900.0"
"VR018-1","Varios","Unidad","1","ROLLO FIBRA GRUESA X 130 METROS","1","3400.0"
"VR018","Varios","Unidad","1","CABUYA 1 KILO FIQUE","1","18300.0"
"VR017","Varios","Unidad","1","CABUYA 1 LIBRA FIQUE","1","11600.0"
"VR016","Varios","Unidad","1","CABUYA 1/2 LIBRA     FIQUE","1","5200.0"
"VR014-1","Varios","Unidad","1","ROLLO FIBRA 450 MTS","1","16000.0"
"VR014","Varios","Unidad","1","ROLLO FIBRA SEMIORIGINAL 5 KILOS","1","0.0"
"VR015","Varios","Unidad","1","ROLLO FIBRA GRUESA 5 KILOS AMARILLA Y NEGRA","1","82800.0"
"VR013","Varios","Unidad","1","ROLLO FIBRA DELGADA 600 METROS","1","3900.0"
"VR012-1","Varios","Unidad","1","ROLLO FIBRA 1 KILO SEMIORIGINAL","1","12500.0"
"VR012","Varios","Unidad","1","ROLLO FIBRA DELGADA 1 KILO","1","18800.0"
"VR011-1","Varios","Unidad","1","ROLLO FIBRA  GRUESA X 150 METROS","1","3700.0"
"VR011","Varios","Unidad","1","ROLLO DE FIBRA GRUESA 1 KILO NEGRA-AMARILLA","1","16000.0"
"VR010","Varios","Unidad","1","ROLLO DE FIBRA GRUESA X 350 METROS","1","6300.0"
"VR009","Varios","Unidad","1","BOLSA DE PAPEL PANELERA","1","1200.0"
"VR008-1","Varios","Unidad","1","COSTAL PAPERO X 10 KILOS","1","1000.0"
"VR008","Varios","Unidad","1","COSTAL PAPERO DE 5 KILOS","1","800.0"
"VR007","Varios","Unidad","1","COSTAL PAPERO DE 50 KILOS X 1","1","1000.0"
"VR006-1","Varios","Unidad","1","COSTAL TOSTADO X 50","1","45200.0"
"VR006","Varios","Unidad","1","COSTAL TOSTADO X 1         LAMINADO","1","1000.0"
"VR005-1","Varios","Unidad","1","COSTAL PAYASO X 25 MULTIUSOS","1","71200.0"
"VR005","Varios","Unidad","1","COSTAL PAYASO X 1 COLORES","1","3000.0"
"VR004-1","Varios","Unidad","1","COSTAL ANCHO   X 25 (GRAVETAL)","1","26250.0"
"VR004","Varios","Unidad","1","COSTAL X ANCHO 1","1","1400.0"
"VR003-1","Varios","Unidad","1","COSTAL LARGO X 50 (BUFALO)","1","60000.0"
"VR003","Varios","Unidad","1","COSTAL LARGO X 1","1","1400.0"
"VR002-2","Varios","Unidad","1","COSTAL MEDIANO X 500","1","0.0"
"VR002-1","Varios","Unidad","1","COSTAL MEDIANO X 50 (CUIDO)","1","46800.0"
"VR002","Varios","Unidad","1","COSTAL MEDIANO X 1","1","1000.0"
"VR001","Varios","Unidad","1","TULA BLANCA (SECAR CAFÉ VIVERES)","1","23900.0"
"UC008-1","Varios","Unidad","1","SALERO REFISAL CAJA X 24","1","33500.0"
"V044","Vasos Desechables","Unidad","1","VASO 12 OZ CARTON X 25","1","4500.0"
"V043","Vasos Desechables","Unidad","1","COPA VENECIANA 8 OZ X 50 CON TAPA","1","41000.0"
"V042","Vasos Desechables","Unidad","1","COPA VENECIANA 5 OZ X 10 CON TAPA","1","5000.0"
"V041-1","Vasos Desechables","Unidad","1","MINI PACK M X 25 (POSTRE)","1","11900.0"
"V041","Vasos Desechables","Unidad","1","MINI PACK S X 25 (POSTRE)","1","10700.0"
"V040","Vasos Desechables","Unidad","1","COPA FLAUTA X 20","1","16500.0"
"V039","Vasos Desechables","Unidad","1","VASO 6 OZ CARTON X 50","1","5400.0"
"V038-1","Vasos Desechables","Unidad","1","VASO 12 OZ ICOPOR X 20","1","5500.0"
"V038","Vasos Desechables","Unidad","1","OREJA PARA VASO CARTON X 50","1","6200.0"
"V037-1","Vasos Desechables","Unidad","1","VASO 9 ONZ CARTON X TIR 25 CAJA 32","1","86400.0"
"V037","Vasos Desechables","Unidad","1","VASO 9 OZ CARTON X 25","1","3600.0"
"V036","Vasos Desechables","Unidad","1","VASO 7 OZ CARTON X 50","1","5700.0"
"V035-2","Vasos Desechables","Unidad","1","TAPA DE COPA 1.5 PANDA X 100","1","5900.0"
"V035-1","Vasos Desechables","Unidad","1","TAPA VASO 9-12 CARTON 9-10 TRANSPARENTE OZ X 50","1","5400.0"
"V035","Vasos Desechables","Unidad","1","TAPA VASO 14-16 TRANSPARENTE OZ X 50","1","5400.0"
"V032","Vasos Desechables","Unidad","1","TAPA COPA AGUARDIENTERA 1/2 y 1 OZ TTE X 50","1","2300.0"
"V031","Vasos Desechables","Unidad","1","VASO 22 OZ TTE X 25","1","9800.0"
"V030-2","Vasos Desechables","Unidad","1","COPA 1.5 PANDA X 100","1","5900.0"
"V030","Vasos Desechables","Unidad","1","COPA AGUARDIENTERA 1.5 OZ X 50","1","2300.0"
"V029","Vasos Desechables","Unidad","1","COPA AGUARDIENTERA 1/2 OZ X 50","1","2300.0"
"V028","Vasos Desechables","Unidad","1","COPA AGUARDIENTERA 1 OZ X 50","1","2300.0"
"V027-1","Vasos Desechables","Unidad","1","COPA VENECIANA 8 OZ X 20 CON TAPA","1","16400.0"
"V027","Vasos Desechables","Unidad","1","COPA VENECIANA 5 OZ X 20 CON TAPA","1","9400.0"
"V025","Vasos Desechables","Unidad","1","VASO CREMA PEQ X 12 ALU","1","0.0"
"V023-2","Vasos Desechables","Unidad","1","VASO 16 OZ TTE X 25","1","3600.0"
"V022-2","Vasos Desechables","Unidad","1","VASO 14 OZ TTE X 25","1","3400.0"
"V022-1","Vasos Desechables","Unidad","1","TAPA VIAJERA VASO CARTON 7 OZ X 50","1","4500.0"
"V022","Vasos Desechables","Unidad","1","VASO 9 COLOR X UNIDAD","1","100.0"
"V021","Vasos Desechables","Unidad","1","VASO 12 OZ TTE X 50","1","4900.0"
"V020","Vasos Desechables","Unidad","1","VASO 12 OZ COLOR X 50","1","4300.0"
"V019","Vasos Desechables","Unidad","1","VASO 10 OZ TTE X 50","1","4400.0"
"V018","Vasos Desechables","Unidad","1","VASO 10 OZ COLOR X 50","1","3950.0"
"V016","Vasos Desechables","Unidad","1","VASO 9 OZ COLOR X 50","1","3950.0"
"PNR014","Rollos de Precorte","Kg","1","PRECORTE 31 X 50 A.D","1","9200.0"
"PNR013","Rollos de Precorte","Kg","1","PRECORTE 40 X 60 A.D","1","9200.0"
"PNR012","Rollos de Precorte","Kg","1","PRECORTE 26 X 40 A.D","1","9200.0"
"PNR011","Rollos de Precorte","Kg","1","PRECORTE 24 X 34 A.D","1","9200.0"
"P002-2","Papelería","Unidad","1","ROLLO ETIQUETIADORA X 1 C","1","1300.0"
"NO010-1","Bolsas Negras","Unidad","1","DSIPONIBLE","1","0.0"
"M008-1","Varios","Unidad","1","ENDULZANTE PAPELETA LADIET X 50","1","4000.0"
"V015-1","Vasos Desechables","Unidad","1","VASO 9 OZ TTE X 40  TIRILLAS","1","139500.0"
"V015","Vasos Desechables","Unidad","1","VASO 9 OZ TTE X 50","1","4200.0"
"V014","Vasos Desechables","Unidad","1","VASO 8 OZ ICOPOR X 20","1","4700.0"
"V013-1","Vasos Desechables","Unidad","1","VASO 7 OZ TTE CAJA X 60 PAQUETES","1","156000.0"
"V013","Vasos Desechables","Unidad","1","VASO 7 Oz TTE X 50","1","2800.0"
"V012","Vasos Desechables","Unidad","1","VASO 7 OZ COLOR X 50","1","2800.0"
"V011","Vasos Desechables","Unidad","1","VASO 7 OZ BLANCO X 50","1","2500.0"
"V010-2","Vasos Desechables","Unidad","1","VASO 6 OZ ICOPOR BIOD.X 20","1","2600.0"
"V010","Vasos Desechables","Unidad","1","VASO 6 OZ ICOPOR X 20","1","3600.0"
"V009-1","Vasos Desechables","Unidad","1","VASO 6 OZ TTE X 50 CAJA X 60 PAQUETES","1","126000.0"
"V009","Vasos Desechables","Unidad","1","VASO 6 OZ TTE X 50","1","2800.0"
"V008-1","Vasos Desechables","Unidad","1","VASO 6 OZ COLOR X 50 CAJA X 60 PAQUETES","1","126000.0"
"V008","Vasos Desechables","Unidad","1","VASO 6 OZ COLOR X 50","1","2800.0"
"V007","Vasos Desechables","Unidad","1","VASO 6 OZ BLANCO X 50","1","2300.0"
"V006","Vasos Desechables","Unidad","1","VASO 4 OZ ICOPOR X 20","1","2600.0"
"V005","Vasos Desechables","Unidad","1","VASO 4 OZ CARTON X 50","1","4500.0"
"V004","Vasos Desechables","Unidad","1","VASO 3.5 BLANCO X 50","1","0.0"
"V003-1","Vasos Desechables","Unidad","1","VASO 3.5 OZ TTEX50(CAJA 80 TIRILLAS)","1","184000.0"
"V003","Vasos Desechables","Unidad","1","VASO 3.5 OZ TTE X 50","1","2600.0"
"V002","Vasos Desechables","Unidad","1","VASO 3.5 OZ TIMBRADO X 50","1","0.0"
"V001","Vasos Desechables","Unidad","1","VASO 3.5 OZ X 50 COLOR (TINTERO)","1","2400.0"
"UC009","Varios","Unidad","1","TOALLA DE COCINA X 3 ROLLOS","1","8300.0"
"UC008","Varios","Unidad","1","SALERO REFISAL X 1","1","1500.0"
"UC007","Varios","Unidad","1","ENCENDEDOR JERINGA X 1","1","5900.0"
"UC006-1","Varios","Unidad","1","ESPONJILLA ORO-PLATA X 12","1","6900.0"
"UC006","Varios","Unidad","1","ESPONJILLA RIOTO X 12","1","6500.0"
"UC005-1","Varios","Unidad","1","PEGA AZUL X 14","1","8600.0"
"UC005","Varios","Unidad","1","PEGA AZUL X 1","1","900.0"
"UC004","Varios","Unidad","1","TOALLA COCINA RENDIPEL X 100","1","17500.0"
"UC003","Varios","Unidad","1","CAUCHO LIDER X 10","1","6400.0"
"UC002","Varios","Unidad","1","CAUCHO OLLA FINO X 10","1","6300.0"
"UC001","Varios","Unidad","1","GUANTE INDUSTRIAL NEGRO","1","8600.0"
"TO011-2","Bolsa Transparente Opaca","Unidad","1","24 X 34 PLUS","1","39400.0"
"TO014","Bolsa Transparente Opaca","Unidad","1","100 X 24 X 1 CANASTILLA-LEGUMBRERA","1","20200.0"
"TO013","Bolsa Transparente Opaca","Unidad","1","24 X 34 X 50","1","13400.0"
"TO012","Bolsa Transparente Opaca","Unidad","1","23 X 31 DESPACHO LEGUMBRERIA","1","22900.0"
"TO011-1","Bolsa Transparente Opaca","Unidad","1","22 X 32 PLUS","1","31800.0"
"TO011","Bolsa Transparente Opaca","Unidad","1","20 X 25 PLUS","1","27500.0"
"TO010","Bolsa Transparente Opaca","Unidad","1","18 X 24 TRANSPARENTE BIODEGRADABLE","1","12200.0"
"TO009","Bolsa Transparente Opaca","Unidad","1","15 X 22 TRANSPARENTE BIODEGRADABLE","1","7500.0"
"TO008","Bolsa Transparente Opaca","Unidad","1","14 X 20 4 KILOS TRANSPARENTE BIODEGRADABLE","1","5200.0"
"TO007","Bolsa Transparente Opaca","Unidad","1","12 X 16 3 KILOS TRANSPARENTE BIODEGRADABLE","1","3500.0"
"TO006","Bolsa Transparente Opaca","Unidad","1","10 X 14 2 KILOS TRANSPARENTE BIODEGRADABLE","1","2700.0"
"TO005","Bolsa Transparente Opaca","Unidad","1","9 X 16 TRANSPARENTE BIODEGRADABLE","1","2900.0"
"TO004","Bolsa Transparente Opaca","Unidad","1","9 X 14 TRANSPARENTE BIODEGRADABLE","1","1900.0"
"TO003","Bolsa Transparente Opaca","Unidad","1","8 X 12 KILO (AREPAS) TRANSPARENTE BIODEGRADABLE","1","2000.0"
"TO002","Bolsa Transparente Opaca","Unidad","1","7 X 11 LIBRA TRANSPARENTE BIODEGRADABLE","1","1500.0"
"TO001","Bolsa Transparente Opaca","Unidad","1","6 X 9 MEDIA LIBRA TRANSPARENTE BIODEGRADABLE","1","1300.0"
"T056-1","Bolsa Transparente","Unidad","1","28 X 44 (CALIBRE 4) X 10 CAFÉ EN BABA","1","20000.0"
"T056","Bolsa Transparente","Unidad","1","28 X 44 (CALIBRE 4) X 1 CAFÉ EN BABA","1","2200.0"
"T055-1","Bolsa Transparente","Unidad","1","20 X 30","1","3000.0"
"T055","Bolsa Transparente","Unidad","1","20 X 30","1","19500.0"
"T054","Bolsa Transparente","Unidad","1","19 X 27 X 25 MARACUYA","1","21600.0"
"T053","Bolsa Transparente","Unidad","1","14 X 25 (CALIBRE 2) ARROBERA","1","27800.0"
"T052","Bolsa Transparente","Unidad","1","14 X 20 (CALIBRE 2)","1","20700.0"
"T051","Bolsa Transparente","Unidad","1","14 X 20 (CALIBRE 1.5)","1","14900.0"
"T050","Bolsa Transparente","Unidad","1","14 X 20 (CALIBRE 0.70)","1","10600.0"
"T049","Bolsa Transparente","Unidad","1","12 X 16 (CALIBRE 2)","1","19500.0"
"T048","Bolsa Transparente","Unidad","1","12 X 16 (CALIBRE 1.5)","1","11600.0"
"T047","Bolsa Transparente","Unidad","1","12 X 16 (CALIBRE 0.70)","1","6900.0"
"T046","Bolsa Transparente","Unidad","1","10 X 18 (2.0)","1","19800.0"
"T044","Bolsa Transparente","Unidad","1","10 X 14 ( CALIBRE 3)","1","13600.0"
"T043","Bolsa Transparente","Unidad","1","10 X 14 (CALIBRE 2)","1","10500.0"
"T042","Bolsa Transparente","Unidad","1","10 X 14 (CALIBRE 1.5)","1","11000.0"
"T041","Bolsa Transparente","Unidad","1","10 X 14 (CALIBRE 0.70)","1","4900.0"
"T040","Bolsa Transparente","Unidad","1","9 X 18 (TRAPERAS)","1","5300.0"
"T039-1","Bolsa Transparente","Unidad","1","9 X 16","1","9200.0"
"T039","Bolsa Transparente","Unidad","1","9 X 14 (1.5)","1","9000.0"
"T038","Bolsa Transparente","Unidad","1","9 X 14 (CALIBRE 0.70)","1","5000.0"
"T036","Bolsa Transparente","Unidad","1","8 X 18 0.70","1","4700.0"
"T034","Bolsa Transparente","Unidad","1","8 X 12 (CALIBRE 2)","1","7700.0"
"T033","Bolsa Transparente","Unidad","1","8 X 12 (CALIBRE 1.5)","1","5900.0"
"T032","Bolsa Transparente","Unidad","1","8 X 12 (CALIBRE 0.70)","1","3500.0"
"T031","Bolsa Transparente","Unidad","1","8 X 11 (1 5)","1","0.0"
"T030","Bolsa Transparente","Unidad","1","7 X 16","1","0.0"
"T029","Bolsa Transparente","Unidad","1","7 X 14 (CALIBRE 0.70)","1","3900.0"
"T027","Bolsa Transparente","Unidad","1","7 X 11 (CALIBRE 2)","1","5900.0"
"T026","Bolsa Transparente","Unidad","1","7 X 11 (CALIBRE 1.5)","1","4200.0"
"T025","Bolsa Transparente","Unidad","1","7 X 11 (CALIBRE 0.70)","1","2800.0"
"T024","Bolsa Transparente","Unidad","1","7 X 10 (1.5)","1","0.0"
"T023","Bolsa Transparente","Unidad","1","6 X 14 KILO TOMATE","1","3000.0"
"T021","Bolsa Transparente","Unidad","1","6 X 9 (CALIBRE 2)","1","3800.0"
"T020","Bolsa Transparente","Unidad","1","6 X 9 (CALIBRE 1.5)","1","2800.0"
"T019","Bolsa Transparente","Unidad","1","6 X 9 (CALIBRE 0.70)","1","1900.0"
"T018","Bolsa Transparente","Unidad","1","5 X 16","1","3200.0"
"T017","Bolsa Transparente","Unidad","1","5 X 14","1","2600.0"
"T016","Bolsa Transparente","Unidad","1","5 X 12","1","2300.0"
"T015","Bolsa Transparente","Unidad","1","5 X 10","1","2100.0"
"T014","Bolsa Transparente","Unidad","1","5 X 7","1","1200.0"
"T013","Bolsa Transparente","Unidad","1","4 X 16 HIELO","1","2000.0"
"T012","Bolsa Transparente","Unidad","1","4 X 14","1","1750.0"
"T010","Bolsa Transparente","Unidad","1","4 X 6 X 500 B.D","1","4900.0"
"T008","Bolsa Transparente","Unidad","1","3 X 14    PULPAS","1","1600.0"
"T007","Bolsa Transparente","Unidad","1","3 X 5 X 500","1","3850.0"
"T003-1","Bolsa Transparente","Unidad","1","2 X 10 X 50 B.D BOLIS","1","42500.0"
"T003","Bolsa Transparente","Unidad","1","2 X 10 X 1 B.D BOLIS","1","1000.0"
"T002-1","Bolsa Transparente","Unidad","1","2 X 8 X 50 B.D BOLIS","1","35000.0"
"T002","Bolsa Transparente","Unidad","1","2 X 8 X 1 B.D BOLIS","1","800.0"
"T001","Bolsa Transparente","Unidad","1","2 X 4 X 500 B.D","1","5500.0"
"RK013","Rollo por Kilos","Kg","1","ROLLO NEGRO ABRE 8 METROS CALIBRE 6","1","13900.0"
"RK012","Rollo por Kilos","Kg","1","ROLLO MARQUESINA ABRE 8 METROS CALIBRE 8 (0,67)","1","27400.0"
"RK011","Rollo por Kilos","Kg","1","ROLLO MARQUESINA ABRE 6 METROS CALIBRE 7 (1.02m)","1","27400.0"
"RK010","Rollo por Kilos","Kg","1","ROLLO TRANSPARENTE ABRE 4 METROS CALIBRE 6","1","14200.0"
"RK009","Rollo por Kilos","Kg","1","ROLLO TRANSPARENTE ABRE 3 METROS CALIBRE 4","1","14200.0"
"RK007","Rollo por Kilos","Kg","1","ROLLO NEGRO ABRE 6 METROS CALIBRE 6","1","12000.0"
"RK006","Rollo por Kilos","Kg","1","ROLLO NEGRO ABRE 4 METROS CALIBRE 6","1","9500.0"
"RK005","Rollo por Kilos","Kg","1","ROLLO NEGRO ABRE 3 METROS CALIBRE 4","1","7900.0"
"RK004","Rollo por Kilos","Kg","1","ROLLO NEGRO ABRE 2 METROS CALIBRE 6","1","8500.0"
"RK003","Rollo por Kilos","Kg","1","ROLLO MARQUESINA ABRE 8 METROS CALIBRE 6 (0.89m)","1","27400.0"
"RK002-1","Rollo por Kilos","Kg","1","ROLLO MARQUESINA ABRE 6 METROS CALIBRE 8 (0,89)","1","27400.0"
"RK002","Rollo por Kilos","Kg","1","ROLLO MARQUESINA ABRE 6 METROS CALIBRE 6 (1.19m)","1","27400.0"
"RK001","Rollo por Kilos","Kg","1","ROLLO MARQUESINA ABRE 4 METROS CALIBRE 6 (1.78m)","1","27400.0"
"PTR007","Rollos de Precorte","Kg","1","PRECORTE 15 X 22 A.D","1","0.0"
"PTO009","Rollos de Precorte","Kg","1","PRECORTE 16 X 24 TRANSPARENTE BIODEGRADABLE","1","14300.0"
"PTO008","Rollos de Precorte","Kg","1","PRECORTE 18 X 24 A.D","1","0.0"
"PTO007","Rollos de Precorte","Kg","1","PRECORTE 15 X 22 A.D","1","0.0"
"PTO006","Rollos de Precorte","Kg","1","PRECORTE 14 X 20 TRANSPARENTE BIODEGRADABLE","1","14300.0"
"PTO005","Rollos de Precorte","Kg","1","PRECORTE 12 X 16 TRANSPARENTE BIODEGRADABLE","1","14300.0"
"PTO004","Rollos de Precorte","Kg","1","PRECORTE 10 X 14 TRANSPARENTE BIODEGRADABLE","1","14300.0"
"PTO003","Rollos de Precorte","Kg","1","PRECORTE 8 X 12 TRANSPARENTE BIODEGRADABLE","1","14300.0"
"PP014-1","Polipropileno","Unidad","1","20 X 40 X 10 CUBREVESTIDO","1","4600.0"
"PP014","Polipropileno","Unidad","1","20 X 40 X 50","1","15500.0"
"PP012","Polipropileno","Unidad","1","20 X 30 X 10 CUBREVESTIDO","1","3800.0"
"PP011","Polipropileno","Unidad","1","18 X 24 X 10 CUBREVESTIDO","1","3200.0"
"PP010","Polipropileno","Unidad","1","14 X 20","1","13500.0"
"PP009","Polipropileno","Unidad","1","12 X 16","1","9400.0"
"PP008","Polipropileno","Unidad","1","10 X 14","1","7600.0"
"PP007","Polipropileno","Unidad","1","8 X 12","1","4900.0"
"PP006","Polipropileno","Unidad","1","7 X 14","1","5000.0"
"PP005","Polipropileno","Unidad","1","7 X 10","1","3300.0"
"PP003","Polipropileno","Unidad","1","5 X 8","1","1900.0"
"PP002","Polipropileno","Unidad","1","4 X 8","1","1650.0"
"PNR010","Rollos de Precorte","Kg","1","PRECORTE 20 X 30 A.D","1","8800.0"
"PNR009","Rollos de Precorte","Kg","1","PRECORTE 18 X 24 A.D","1","8800.0"
"PNR008","Rollos de Precorte","Kg","1","PRECORTE 16 X 24 A.D","1","8800.0"
"PNR007","Rollos de Precorte","Kg","1","PRECORTE 15 X 22 A.D","1","8800.0"
"PNR006","Rollos de Precorte","Kg","1","PRECORTE 14 X 20 A.D","1","8800.0"
"PNR005","Rollos de Precorte","Kg","1","PRECORTE 12 X 16 A.D","1","8800.0"
"PNR004","Rollos de Precorte","Kg","1","PRECORTE 10 X 14 A.D","1","8800.0"
"PNR003","Rollos de Precorte","Kg","1","PRECORTE 8 X 12 A.D","1","8800.0"
"PNR002","Rollos de Precorte","Kg","1","PRECORTE 7 X 10 A.D","1","8900.0"
"PNR001","Rollos de Precorte","Kg","1","PRECORTE 6 X 8 A.D","1","8900.0"
"PNO008","Rollos de Precorte","Kg","1","PRECORTE 18 X 24 A.D","1","8400.0"
"PNO007","Rollos de Precorte","Kg","1","PRECORTE 15 X 22 A.D","1","8400.0"
"PNO006","Rollos de Precorte","Kg","1","PRECORTE 14 X 20 A.D","1","11900.0"
"PNO005","Rollos de Precorte","Kg","1","PRECORTE 12 X 16 A.D","1","11900.0"
"PNO004","Rollos de Precorte","Kg","1","PRECORTE 10 X 14 A.D","1","11900.0"
"PNO003","Rollos de Precorte","Kg","1","PRECORTE 8 X 12 A.D","1","11900.0"
"PNO002","Rollos de Precorte","Kg","1","PRECORTE 7 X 10 A.D","1","0.0"
"PNO001","Rollos de Precorte","Kg","1","PRECORTE 6 X 8 A.D","1","0.0"
"PM020","Plástico por Metros","Metro","1","TELA CUBRESUELOS ABRE A 3.8 METROS","1","14900.0"
"PM019-1","Plástico por Metros","Metro","1","POLISOMBRA AL 65% ABRE A 4 METROS","1","6200.0"
"PM019","Plástico por Metros","Metro","1","POLISOMBRA AL 65% ROLLO  X 100 MTS","1","560000.0"
"PM018-3","Plástico por Metros","Metro","1","TELA NEGRA ROLLO X100 METROS","1","225000.0"
"PM018-2","Plástico por Metros","Metro","1","TELA NEGRA ABRE A 2.10 METROS","1","2600.0"
"PM018-1","Plástico por Metros","Metro","1","TELA VERDE ROLLO X 100 METROS","1","231400.0"
"PM018","Plástico por Metros","Metro","1","TELA VERDE ABRE A 2 METROS","1","2500.0"
"PM017-1","Plástico por Metros","Metro","1","MALLA PLASTICA X 1.80 X 50 METROS.","1","54000.0"
"PM017","Plástico por Metros","Metro","1","MALLA PLASTICA X 1.80 (POLLO)","1","1300.0"
"PM016","Plástico por Metros","Metro","1","TRANSPARENTE (CALIBRE 6) ABRE A 4 METROS","1","12800.0"
"PM015","Plástico por Metros","Metro","1","TRANSPARENTE (CALIBRE 6) ABRE A 2 METROS","1","9500.0"
"PM014","Plástico por Metros","Metro","1","TRANSPARENTE (CALIBRE 4) ABRE A 3 METROS","1","6500.0"
"PM013","Plástico por Metros","Metro","1","TRANSPARENTE (2.5) ABRE  2","1","0.0"
"PM012-1","Plástico por Metros","Metro","1","NEGRO (CALIBRE 6) ABRE A 8 METROS","1","19800.0"
"PM012","Plástico por Metros","Metro","1","NEGRO (CALIBRE 6) ABRE A 6 METROS","1","12500.0"
"PM011","Plástico por Metros","Metro","1","NEGRO (CALIBRE 6) ABRE A 4 METROS","1","8500.0"
"PM010","Plástico por Metros","Metro","1","NEGRO (CALIBRE 4) ABRE A 3 METROS","1","4900.0"
"PM009-1","Plástico por Metros","Metro","1","NEGRO (CALIBRE 6) ABRE A 2 METROS","1","6800.0"
"PM009","Plástico por Metros","Metro","1","NEGRO (CALIBRE 8) ABRE A 10 METROS","1","41000.0"
"PM005","Plástico por Metros","Metro","1","PLASTICO VERDE","1","500.0"
"PM004","Plástico por Metros","Metro","1","PLASTICO ROJO","1","500.0"
"PM003-1","Plástico por Metros","Metro","1","MARQUESINA (CALIBRE 7) ABRE A 8 METROS","1","37500.0"
"PM003","Plástico por Metros","Metro","1","MARQUESINA (CALIBRE 6) ABRE A 8 METROS","1","29400.0"
"PM002-1","Plástico por Metros","Metro","1","MARQUESINA (CALIBRE 7) ABRE A 6 METROS","1","28100.0"
"PM002","Plástico por Metros","Metro","1","MARQUESINA (CALIBRE 6) ABRE A 6 METROS","1","22200.0"
"PM001","Plástico por Metros","Metro","1","MARQUESINA (CALIBRE 6) ABRE A 4 METROS","1","16000.0"
"PBR006","Rollos de Precorte","Kg","1","PRECORTE 14 X 20 A.D","1","7600.0"
"PBR005","Rollos de Precorte","Kg","1","PRECORTE 12 X 16 A.D","1","7600.0"
"PBR004","Rollos de Precorte","Kg","1","PRECORTE 10 X 14 A.D","1","7600.0"
"PBR003","Rollos de Precorte","Kg","1","PRECORTE 8 X 12 A.D","1","7600.0"
"PBO006","Rollos de Precorte","Kg","1","PRECORTE 14 X 20 A.D","1","13800.0"
"PBO005","Rollos de Precorte","Kg","1","PRECORTE 12 X 16 A.D","1","13800.0"
"PBO004","Rollos de Precorte","Kg","1","PRECORTE 10 X 14 A.D","1","13800.0"
"PBO003","Rollos de Precorte","Kg","1","PRECORTE 8 X 12 A.D","1","13800.0"
"P036","Papelería","Unidad","1","TALONARIO DE RECIBOS CAJA MENOR","1","1500.0"
"P034","Papelería","Unidad","1","MARCADOR BORRABLE","1","1800.0"
"P033-1","Papelería","Unidad","1","CAUCHO SILICONADO 1/4 LIBRA","1","2300.0"
"P033","Papelería","Unidad","1","TINTA IMPRESORA UNIVERSAL","1","0.0"
"P032","Papelería","Unidad","1","RESMA TAMAÑO CARTA","1","20400.0"
"P031","Papelería","Unidad","1","RESMA  MEDIA CARTA","1","10300.0"
"P030","Papelería","Unidad","1","ENTINTADOR ETIQUETEADORA","1","3500.0"
"P029","Papelería","Unidad","1","TALONARIO AUTOCOPIANTE PEQUEÑO","1","2400.0"
"P028","Papelería","Unidad","1","TALONARIO GRANDE","1","1400.0"
"P027","Papelería","Unidad","1","TALONARIO PEQUEÑO","1","700.0"
"P026","Papelería","Unidad","1","LAPIZ LINEA AZUL X 12","1","8700.0"
"P025","Papelería","Unidad","1","LAPIZ MIRADO CAJA X 12","1","11900.0"
"P024","Papelería","Unidad","1","LAPICERO KILOMETRICO X 12","1","9500.0"
"P022","Papelería","Unidad","1","RESALTADOR  SHARPIE","1","2500.0"
"P021-1","Papelería","Unidad","1","MARCADOR SHARPIE PUNTA DELGADA","1","3800.0"
"P021","Papelería","Unidad","1","MARCADOR SHARPIE PUNTA GRUESA","1","2600.0"
"P020","Papelería","Unidad","1","ROLLO PARA SATO PB2-180","1","3000.0"
"P019","Papelería","Unidad","1","CLIPS MARIPOSA","1","3300.0"
"P018","Papelería","Unidad","1","CAJA CLIPS PEQUEÑA","1","2000.0"
"P016","Papelería","Unidad","1","GANCHO COSEDORA X 5.000 UND","1","3300.0"
"P015","Papelería","Unidad","1","GANCHO COSEDORA X 1.000 UND","1","1100.0"
"P014-1","Papelería","Unidad","1","GANCHO TRABAJO PESADO 6mm x 1000 UND","1","3800.0"
"P014","Papelería","Unidad","1","GANCHO TRABAJO PESADO 8mm x 1000 UND","1","6200.0"
"P013","Papelería","Unidad","1","CHISPAS PRECIOS MEDIANA X 100","1","15600.0"
"P012","Papelería","Unidad","1","MAQUINA ETIQUETEADORA","1","24300.0"
"P011-1","Papelería","Unidad","1","GRAPADORA BOSTITCH REFORZADA REF.CURVO","1","0.0"
"P011","Papelería","Unidad","1","GRAPADORA TRABAJO PESADO","1","39500.0"
"P010","Papelería","Unidad","1","COSEDORA ALICATE O PINZA","1","26500.0"
"P009","Papelería","Unidad","1","COSEDORA GRANDE","1","24900.0"
"P008-1","Papelería","Unidad","1","COSEDORA PEQUEÑA","1","9800.0"
"P008","Papelería","Unidad","1","COSEDORA MEDIANA","1","17900.0"
"P007","Papelería","Unidad","1","ROLLO TERMICO REGISTRADORA  80 X 60","1","4800.0"
"P006","Papelería","Unidad","1","ROLLO REGISTADORA. 76 X 30 COPIA (QUIMICO)","1","3250.0"
"P005","Papelería","Unidad","1","ROLLO REGISTRADORA 76 X 40 BON X 1","1","2100.0"
"P004","Papelería","Unidad","1","ROLLO REGISTRADORA. SENCILLO 57 X 30","1","3200.0"
"P003","Papelería","Unidad","1","ROLLO TERMICO REGISTRADORA 57 X 30","1","2500.0"
"P002-1","Papelería","Unidad","1","ROLLO ETIQUETADORA 5500 COLORES","1","1300.0"
"P002","Papelería","Unidad","1","ROLLO ETIQUETADORA 5500 BLANCO","1","1000.0"
"P001-2","Papelería","Unidad","1","ROLLO ETIQUETEADORA 1115","1","1500.0"
"P001-1","Papelería","Unidad","1","ROLLO ETIQUETEADORA 6600","1","1300.0"
"P001","Papelería","Unidad","1","ROLLO ETIQ. CODIGO Y PRECIO X 1","1","1400.0"
"NR038-1","Negro Recuperado","Unidad","1","37 X 51 X 10 BASURA","1","9500.0"
"NR038","Negro Recuperado","Unidad","1","30 X 44 JUMBO X 10 BASURA","1","6000.0"
"NR033-1","Negro Recuperado","Unidad","1","40 X 60 X 10 BASURA INDUSTRIAL GRANDE","1","24700.0"
"NR033","Negro Recuperado","Unidad","1","40 X 60 X 1 BASURA INDUSTRIAL GRANDE","1","2600.0"
"NR032-1","Negro Recuperado","Unidad","1","30 X 45 VSLAR  PASTO X 20","1","36500.0"
"NR032","Negro Recuperado","Unidad","1","30 X 45 ENCILAR PASTO   X 1","1","2200.0"
"NR031-1","Negro Recuperado","Unidad","1","31 X 50 X 10 BASURA INDUSTRIAL","1","15700.0"
"NR031","Negro Recuperado","Unidad","1","31 X 50 X 1 BASURA INDUSTRIAL","1","1700.0"
"NR027-2","Negro Recuperado","Unidad","1","26 X 40 X 50 BASURA","1","15000.0"
"NR027-1","Negro Recuperado","Unidad","1","26 X 40 X 10 BASURA","1","3200.0"
"NR027","Negro Recuperado","Unidad","1","26 X 40 X 1 BASURA","1","400.0"
"NR024-1","Negro Recuperado","Unidad","1","24 X 34 X 50 BASURA","1","18000.0"
"NR024","Negro Recuperado","Unidad","1","24 X 34 X 10 BASURA","1","3800.0"
"NR015","Negro Recuperado","Unidad","1","18 X 24 CALIBRE 0.80 X  50 NEGRO RECUPERADO","1","4900.0"
"NR002","Negro Recuperado","Unidad","1","4 X 6 X 500 NEGRO RECUPERADO","1","3600.0"
"NR001","Negro Recuperado","Unidad","1","4 X 6 X 200 NEGRO RECUPERADO","1","1450.0"
"NO022","Bolsas Negras","Unidad","1","18 X 24 NEGRA BIODEGRADABLE","1","12200.0"
"NO021-1","Bolsas Negras","Unidad","1","24 X 33 X 100","1","15900.0"
"NO021","Bolsas Negras","Unidad","1","24 X 33 X 10 BASURA","1","3000.0"
"NO017-1","Bolsas Negras","Unidad","1","20 X 30 X 100","1","13800.0"
"NO017","Bolsas Negras","Unidad","1","20 X 30 X 10 BASURA","1","2800.0"
"NO012","Bolsas Negras","Unidad","1","15 X 22 NEGRA BIODEGRADABLE","1","7500.0"
"NO011","Bolsas Negras","Unidad","1","14 X 20 CALIBRE 0.55 NEGRA BIODEGRADABLE","1","6400.0"
"NO010","Bolsas Negras","Unidad","1","14 X 20 NEGRA BIODEGRADABLE","1","5200.0"
"NO009","Bolsas Negras","Unidad","1","12 X 16 3 KILOS CALIBRE 0.55 NEGRA BIODEGRADABLE","1","4000.0"
"NO008","Bolsas Negras","Unidad","1","12 X 16 3 KILOS NEGRA BIODEGRADABLE","1","3500.0"
"NO007","Bolsas Negras","Unidad","1","10 X 14 2 KILOS CALIBRE 0.55 NEGRA BIODEGRADABLE","1","2900.0"
"NO006","Bolsas Negras","Unidad","1","10 X 14 2 KILOS NEGRA BIODEGRADABLE","1","2700.0"
"NO005","Bolsas Negras","Unidad","1","8 X 12 KILO NEGRA BIODEGRADABLE","1","2000.0"
"NO004","Bolsas Negras","Unidad","1","7 X 10 LIBRA NEGRA BIODEGRADABLE","1","1500.0"
"NO003","Bolsas Negras","Unidad","1","6 X 8 MEDIA LIBRA NEGRA BIODEGRADABLE","1","1300.0"
"N012","Nevera","Unidad","1","NEVERA 2.5 LITROS","1","7800.0"
"N011","Nevera","Unidad","1","NEVERA 76 LITROS","1","88500.0"
"N010","Nevera","Unidad","1","NEVERA 55 LITROS","1","91000.0"
"N009","Nevera","Unidad","1","NEVERA 46 LITROS","1","51000.0"
"N008","Nevera","Unidad","1","NEVERA 42 LITROS","1","47500.0"
"N007","Nevera","Unidad","1","NEVERA 26 LITROS","1","38500.0"
"N006","Nevera","Unidad","1","NEVERA 20 LITROS","1","35500.0"
"N005","Nevera","Unidad","1","NEVERA 14 LITROS","1","25200.0"
"N004","Nevera","Unidad","1","NEVERA 10 LITROS","1","21300.0"
"N003","Nevera","Unidad","1","NEVERA 3 LITROS","1","11900.0"
"N002","Nevera","Unidad","1","NEVERA 2 LITROS","1","7200.0"
"N001","Nevera","Unidad","1","NEVERA INSULINA 1 LITRO","1","7200.0"
"M008","Varios","Unidad","1","ENDULZANTE LADIET X 150 PASTILLAS","1","7600.0"
"M007-1","Varios","Unidad","1","AZUCAR PITILLO X PACA X 10","1","70700.0"
"M007","Varios","Unidad","1","AZUCAR PITILLO X 1","1","7500.0"
"M006","Varios","Unidad","1","MIEL SENA","1","0.0"
"M005","Varios","Unidad","1","MIEL SOBRES X 100","1","10800.0"
"M004","Varios","Unidad","1","MIEL SOBRES X 24","1","3100.0"
"M003","Varios","Unidad","1","MIEL SOBRES X 200","1","23400.0"
"M002-1","Varios","Unidad","1","MIEL DE ABEJA X 320","1","5400.0"
"M002","Varios","Unidad","1","MIEL DE ABEJA X 500 MEDIA","1","8400.0"
"J027","Jabones","Unidad","1","JABON HOTELERO CLARO X 50","1","9900.0"
"J026-3","Jabones","Unidad","1","DETERGENTE 1 LITRO VERDE","1","11900.0"
"J026-2","Jabones","Unidad","1","DETERGENTE 2 LITROS BEBE","1","17600.0"
"J026-1","Jabones","Unidad","1","DETERGENTE 2 LITROS. LAVANDA","1","17200.0"
"J026","Jabones","Unidad","1","DETERGENTE 2 LITROS VERDE","1","20900.0"
"J025","Jabones","Unidad","1","JABON DE MANOS X 1","1","3900.0"
"J024","Jabones","Unidad","1","SUPER ROMBO X 1","1","2000.0"
"J021-1","Jabones","Unidad","1","SUAVIZANTE 1800 ML","1","11600.0"
"J021","Jabones","Unidad","1","SUAVIZANTE DOYPACK 1 LITRO","1","5800.0"
"J017","Jabones","Unidad","1","LAVAPLATOS LIQUIDO X 1","1","6700.0"
"J016","Jabones","Unidad","1","JIRAX X 1 (1000 GRS)","1","8700.0"
"J015","Jabones","Unidad","1","JIRAX X 1 (500 GRS)","1","4800.0"
"J014","Jabones","Unidad","1","JIRAX X 1 (250 GRS)","1","2500.0"
"J013-1","Jabones","Unidad","1","JABON HOT SWITE CAJA X 25","1","154400.0"
"J013","Jabones","Unidad","1","JABON HOTELERO SUITE X 24","1","7400.0"
"J010","Jabones","Unidad","1","JABON DE BAÑO X 3","1","5400.0"
"J009-1","Jabones","Unidad","1","MAXIMO LIQUIDO 1 LITRO","1","6500.0"
"J009","Jabones","Unidad","1","MAXIMO X 12","1","35900.0"
"J008","Jabones","Unidad","1","SUAVIZANTE 4 LITROS","1","23300.0"
"J007","Jabones","Unidad","1","SUPER ROMBO IND X 24","1","47300.0"
"J006","Jabones","Unidad","1","ESPECIAL SURTIDO X 24","1","50200.0"
"J005","Jabones","Unidad","1","ESPECIAL ALOE VERA X 24","1","48300.0"
"J004","Jabones","Unidad","1","MAXIMO LIQUIDO 10 LITROS","1","57600.0"
"J003","Jabones","Unidad","1","ESPECIAL BEBE X 24","1","48300.0"
"J002-1","Jabones","Unidad","1","LIMPIADOR TODO EN 1 500 ML","1","5600.0"
"J002","Jabones","Unidad","1","ESPECIAL LAVANDA X 24","1","48300.0"
"J001","Jabones","Unidad","1","ESPECIAL BICARBONATO X 24","1","48300.0"
"D027","Desechables","Unidad","1","BANDEJA # 7 X 50","1","10700.0"
"D091","Desechables","Unidad","1","SELLOPLUS 24 ONZAS TAPA PLANA X 25","1","30600.0"
"D090-1","Desechables","Unidad","1","BLONDA 30 CMS 10","1","0.0"
"D090","Desechables","Unidad","1","BLONDA 30 CM X 25 UND","1","13900.0"
"D089","Desechables","Unidad","1","BLONDA 26 CM X 25 UND","1","10700.0"
"D088-1","Desechables","Unidad","1","BLONDA 24.5 CM X 25","1","9300.0"
"D088","Desechables","Unidad","1","BLONDA 24.5CM X 50 UND","1","0.0"
"D087-1","Desechables","Unidad","1","BLONDA 17 CM X 25","1","4700.0"
"D087","Desechables","Unidad","1","BLONDA 17 CMS X 50(BASE TORTA)","1","0.0"
"D084-1","Desechables","Unidad","1","SERVILLETA RENDIPEL X 300","1","4400.0"
"D084","Desechables","Unidad","1","SERVILLETA RENDIPEL CAJA X 15 PAQUETES","1","60500.0"
"D083-1","Desechables","Unidad","1","SERVILLETA NUBE CAFETERIA X 1","1","3300.0"
"D083","Desechables","Unidad","1","SERVILLETA NUBE CAFETERIA CAJA X 42 PAQUETES","1","130200.0"
"D082-1","Desechables","Unidad","1","SERVILLETA NUBE CAJA X 15 PAQUETES","1","67500.0"
"D082","Desechables","Unidad","1","SERVILLETA NUBE X 300","1","4800.0"
"D080","Desechables","Unidad","1","CONTENEDOR 12 OZ CON TAPA X 25 BAMBOO","1","28900.0"
"D079-1","Desechables","Unidad","1","SERVILLETA FAVORITA X 300 CAJA X 15 P .","1","67500.0"
"D079","Desechables","Unidad","1","SERVILLETA FAVORITA X 300","1","4800.0"
"D077","Desechables","Unidad","1","TAPA CONTENEDOR 12 ONZAS X 25 BAMBOO","1","0.0"
"D076-1","Desechables","Unidad","1","SERVILLETA FAMILIA PLUS X 45 PAQUETES","1","142000.0"
"D076","Desechables","Unidad","1","SERVILLETA FAMILIA PLUS X 1","1","3500.0"
"D075","Desechables","Unidad","1","PITILLO TAMI-BIODEGRADABLE 25CM X 200 UND","1","3300.0"
"D074","Desechables","Unidad","1","DELANTAL PLASTICO BLANCO X 25","1","12900.0"
"D073","Desechables","Unidad","1","GORRO ORUGA BLANCO X 20","1","2900.0"
"D072","Desechables","Unidad","1","GUANTES TRANSPARENTES X 100","1","2100.0"
"D071-1","Desechables","Unidad","1","TAPABOCAS","1","300.0"
"D071","Desechables","Unidad","1","TAPABOCAS CAJA X 50","1","15500.0"
"D070-2","Desechables","Unidad","1","PALOS CHUZO 30 CM X 100 UND","1","3100.0"
"D070-1","Desechables","Unidad","1","PALOS CHUZO 25 CM X 100 UND","1","2900.0"
"D070","Desechables","Unidad","1","TARRINA 24 ONZAS CON TAPA X 25 UND","1","17100.0"
"D069","Desechables","Unidad","1","TARRINA 16 ONZAS CON TAPA X 25 UND","1","14500.0"
"D068","Desechables","Unidad","1","PALOS PALETA LARGO X 200","1","3200.0"
"D067","Desechables","Unidad","1","PALOS PALETA CORTO X 200","1","2600.0"
"D066","Desechables","Unidad","1","PITILLO ENVUELTO BIODEGRADABLE X 200","1","7600.0"
"D065-3","Desechables","Unidad","1","CAJA FIAMBRERA PEQUEÑA X 20","1","17100.0"
"D065-2","Desechables","Unidad","1","CAJA FIAMBRERA GRANDE X 20","1","19200.0"
"D065","Desechables","Unidad","1","PITILLOS PAJITA X 1","1","1300.0"
"D064","Desechables","Unidad","1","PITILLO ECOLOGICO X 200","1","22900.0"
"D063","Desechables","Unidad","1","PITILLO GRANIZADO X 450","1","22600.0"
"D062-1","Desechables","Unidad","1","PALO PINCHO BANDERIN X 100","1","5800.0"
"D062","Desechables","Unidad","1","PALILLO HAMBURGUESA X 1","1","1300.0"
"D061-1","Desechables","Unidad","1","PALILLO DE DIENTES X 12","1","8800.0"
"D061","Desechables","Unidad","1","PALILLO DE DIENTES X 1","1","900.0"
"D060","Desechables","Unidad","1","PAPEL ALUMINIO X 300 METROS","1","73800.0"
"D059","Desechables","Unidad","1","PAPEL ALUMINIO X 100 METROS","1","27300.0"
"D058","Desechables","Unidad","1","PAPEL ALUMINIO X 40 METROS","1","10600.0"
"D057","Desechables","Unidad","1","PAPEL ALUMINIO X 16 METROS","1","4800.0"
"D056","Desechables","Unidad","1","PAPEL ALUMINIO X 7 METROS","1","2600.0"
"D055","Desechables","Unidad","1","CRISTAFLEX X 1500 METROS (PAPEL CHICLE)","1","120000.0"
"D054","Desechables","Unidad","1","CRISTAFLEX 300MTS CON SIERRA METALICA","1","39200.0"
"D053","Desechables","Unidad","1","CRISTAFLEX NEGRO X 100 METROS (OSMÓTICO)","1","5900.0"
"D052","Desechables","Unidad","1","CRISTAFLEX X 100 METROS (PAPEL CHICLE)","1","6400.0"
"D051","Desechables","Unidad","1","CAJA HAMBURGUESA CARTON X 100","1","10900.0"
"D050","Desechables","Unidad","1","CAJA HAMBURGUESA TIMBRADA X 100","1","11300.0"
"D049-1","Desechables","Unidad","1","PORTA PIZZA IMPRESO X 100","1","11300.0"
"D049","Desechables","Unidad","1","PORTA PIZZA CARTON X 50","1","11300.0"
"D048","Desechables","Unidad","1","CAJA PERRO ECONOMICA","1","11300.0"
"D047","Desechables","Unidad","1","CAJA PERRO TIMBRADA X 100","1","11300.0"
"D046","Desechables","Unidad","1","SELLOPLUS 8 ONZAS TAPA ALTA-PLANA X 25","1","16200.0"
"D045","Desechables","Unidad","1","SELLOPLUS 16 ONZAS TAPA ALTA-PLANA X 25","1","25000.0"
"D044","Desechables","Unidad","1","MOLDE LASAÑA 8 OZ X 20","1","7900.0"
"D043","Desechables","Unidad","1","PORTA PIZZA PLASTICO X 25","1","6300.0"
"D042","Desechables","Unidad","1","MOLDE LASAÑA 16 OZ X 20","1","10900.0"
"D041-1","Desechables","Unidad","1","K1 A GRANEL","1","79600.0"
"D041","Desechables","Unidad","1","K1 X 20","1","8300.0"
"D040-2","Desechables","Unidad","1","P3 A GRANEL X 200","1","105000.0"
"D040-1","Desechables","Unidad","1","P3 X 20 PACA X 10","1","126600.0"
"D040","Desechables","Unidad","1","P3 X 20","1","12600.0"
"D039","Desechables","Unidad","1","P1 X 20","1","12600.0"
"D038-2","Desechables","Unidad","1","J2 A GRANEL X 200","1","95000.0"
"D038-1","Desechables","Unidad","1","J2 X 20 PACA X 10","1","111600.0"
"D038","Desechables","Unidad","1","J2 X 20","1","11000.0"
"D037-2","Desechables","Unidad","1","J1 A GRANEL X 200","1","95000.0"
"D037-1","Desechables","Unidad","1","J1 X 20 PACA X 10","1","111600.0"
"D037","Desechables","Unidad","1","J1 X 20","1","11000.0"
"D036-2","Desechables","Unidad","1","C1 A GRANEL X 500","1","153300.0"
"D036","Desechables","Unidad","1","C1 X 20","1","6600.0"
"D035-2","Desechables","Unidad","1","CONT.DOBLE USO 12oz con tapa x 50","1","30300.0"
"D035-1","Desechables","Unidad","1","CONTENEDOR 32 OZ CAJA X 25","1","479400.0"
"D035","Desechables","Unidad","1","CONTENEDOR 32 OZ X 20","1","32200.0"
"D034-1","Desechables","Unidad","1","CONTENEDOR 24 OZ CAJA X 25","1","329000.0"
"D034","Desechables","Unidad","1","CONTENEDOR 24 OZ X 20","1","23200.0"
"D033-1","Desechables","Unidad","1","CONTENEDOR 16 OZ X 20 CAJA X 20","1","460100.0"
"D033","Desechables","Unidad","1","CONTENEDOR 16 OZ X 20","1","19400.0"
"D032-1","Desechables","Unidad","1","CONTENEDOR 12 OZ X 20 CAJA X 25","1","400000.0"
"D032","Desechables","Unidad","1","CONTENEDOR 12 OZ X 20","1","16400.0"
"D031-2","Desechables","Unidad","1","BANDEJA # 19.5 A GRANEL X 200","1","61700.0"
"D031-1","Desechables","Unidad","1","BANDEJA # 19.5 X 20 PACA X 10","1","0.0"
"D031","Desechables","Unidad","1","BANDEJA # 19.5 CON Y SIN DIVISIÓN X 20","1","6500.0"
"D030-1","Desechables","Unidad","1","BANDEJA # 17 A GRANEL X 500","1","84700.0"
"D030","Desechables","Unidad","1","BANDEJA # 17 X 50","1","8800.0"
"D029-1","Desechables","Unidad","1","BANDEJA # 10 A GRANEL X 500","1","162000.0"
"D029","Desechables","Unidad","1","BANDEJA # 10 X 50","1","16800.0"
"D028-1","Desechables","Unidad","1","BANDEJA # 8 A GRANEL","1","190400.0"
"D028","Desechables","Unidad","1","BANDEJA # 8 X 20","1","7900.0"
"D027-1","Desechables","Unidad","1","BANDEJA # 7 A GRANEL X 500","1","103700.0"
"D026-1","Desechables","Unidad","1","BANDEJA # 5 A GRANEL X 500","1","124900.0"
"D023-1","Desechables","Unidad","1","BANDEJA # 1 A GRANEL X 500","1","54700.0"
"D022-2","Desechables","Unidad","1","P3 A GRANEL BIODEGRADABLE","1","118000.0"
"D022-1","Desechables","Unidad","1","P3 X 20 BIODEGRADABLE","1","12600.0"
"BC024","Bolsas de Colores","Unidad","1","32 X 32 (1.2) X 50 NARANJA( E.R.B.)","1","18000.0"
"D026","Desechables","Unidad","1","BANDEJA # 5 X 50","1","13000.0"
"D024-1","Desechables","Unidad","1","BANDEJA # 3 A GRANEL X 500","1","69400.0"
"D024","Desechables","Unidad","1","BANDEJA # 3 X 50","1","7400.0"
"D023","Desechables","Unidad","1","BANDEJA # 1 X 50","1","5800.0"
"D022-3","Desechables","Unidad","1","MEZCLADOR REDONDO MADERA X 500","1","4200.0"
"D022","Desechables","Unidad","1","MEZCLADOR PLASTICO X 1000","1","3400.0"
"D021-1","Desechables","Unidad","1","TENEDOR GRANDE X 20","1","1700.0"
"D021","Desechables","Unidad","1","TENEDOR GRANDE X 100","1","6000.0"
"D020-1","Desechables","Unidad","1","TENEDOR PEQUEÑO X 50","1","1800.0"
"D020","Desechables","Unidad","1","TENEDOR PEQUEÑO X 100","1","3400.0"
"D019-1","Desechables","Unidad","1","CUCHILLO GRANDE X 20","1","1700.0"
"D019","Desechables","Unidad","1","CUCHILLO GRANDE X 100","1","5800.0"
"D018-1","Desechables","Unidad","1","CUCHARA GRANDE X 20","1","1700.0"
"D018","Desechables","Unidad","1","CUCHARA MALTEADA X 100 UND","1","22900.0"
"D017-1","Desechables","Unidad","1","CUCHARA GRANDE ECONOMICA X 100","1","5000.0"
"D017","Desechables","Unidad","1","CUCHARA GRANDE SURA X 100","1","6000.0"
"D016-1","Desechables","Unidad","1","CUCHARA PEQUEÑA X 50","1","1800.0"
"D016","Desechables","Unidad","1","CUCHARA PEQUEÑA X 100","1","3300.0"
"D013","Desechables","Unidad","1","PLATO PLASTICO TAMY 23cm X 20","1","0.0"
"D011","Desechables","Unidad","1","PLATO PLASTICO TAMY 15.5 cm X 20","1","2300.0"
"D010-2","Desechables","Unidad","1","PLATO HONDO 30 Oz A GRANEL X 500","1","174000.0"
"D010-1","Desechables","Unidad","1","PLATO HONDO 30 Oz X 20 PACA X 24","1","183200.0"
"D010","Desechables","Unidad","1","PLATO HONDO 30 Oz X 20 (SANCOCHO)","1","8000.0"
"D009-2","Desechables","Unidad","1","PLATO HONDO 12 Oz A GRANEL","1","85700.0"
"D009-1","Desechables","Unidad","1","PLATO HONDO 12 Oz X 20 PACA X 24","1","93700.0"
"D009","Desechables","Unidad","1","PLATO HONDO 12 Oz X 20","1","4200.0"
"D008-2","Desechables","Unidad","1","PLATO HONDO 5 Oz A GRANEL X 500","1","38600.0"
"D008-1","Desechables","Unidad","1","PLATO HONDO 5 Oz X 20 PACA X 24","1","27500.0"
"D008","Desechables","Unidad","1","PLATO HONDO 5 Oz X 20","1","1800.0"
"D007-2","Desechables","Unidad","1","PLATO PANDO 26 A GRANEL","1","182000.0"
"D007-1","Desechables","Unidad","1","PLATO PANDO 26 CON DIVISION X 20","1","7800.0"
"D007","Desechables","Unidad","1","PLATO PANDO 26 X 20","1","7800.0"
"D006-2","Desechables","Unidad","1","PLATO PANDO CON DIVISION 23 A GRANEL","1","132600.0"
"D006-1","Desechables","Unidad","1","PLATO PANDO CON DIVISION 23 X 20 PACA X 24","1","106400.0"
"D006","Desechables","Unidad","1","PLATO PANDO CON DIVISION 23 X 20","1","6500.0"
"D005-2","Desechables","Unidad","1","PLATO PANDO 23 A GRANEL","1","132600.0"
"D005-1","Desechables","Unidad","1","PLATO PANDO 23 X 20 PACA X 24","1","155700.0"
"D005","Desechables","Unidad","1","PLATO PANDO 23 X 20 (SECO)","1","6500.0"
"D004-2","Desechables","Unidad","1","PLATO PANDO 20 A GRANEL X 500","1","111000.0"
"D004-1","Desechables","Unidad","1","PLATO PANDO 20 X 20 PACA X 24","1","118700.0"
"D004","Desechables","Unidad","1","PLATO PANDO 20 X 20","1","5000.0"
"D003-2","Desechables","Unidad","1","PLATO PANDO 18 A GRANEL X 500","1","83800.0"
"D003-1","Desechables","Unidad","1","PLATO PANDO 18 X 20 PACA X 24","1","89800.0"
"D003","Desechables","Unidad","1","PLATO PANDO 18 X 20","1","3800.0"
"D002-2","Desechables","Unidad","1","PLATO PANDO 15.5 A GRANEL","1","64000.0"
"D002-1","Desechables","Unidad","1","PLATO PANDO 15.5 X 20 PACA X 24","1","69800.0"
"D002","Desechables","Unidad","1","PLATO PANDO 15.5 X 20","1","3200.0"
"D001-2","Desechables","Unidad","1","PLATO.PANDO 12cm A GRANEL","1","36500.0"
"D001-1","Desechables","Unidad","1","P. PANDO 12cm X 20 PACA X 24","1","39800.0"
"D001","Desechables","Unidad","1","PLATO PANDO 12 cm X 20","1","2000.0"
"CI022","Varios","Unidad","1","CINTA PELIGRO X 100 METROS","1","7800.0"
"CI019-1","Varios","Unidad","1","CINTA DOBLE FAZ NANO GEL","1","3500.0"
"CI019","Varios","Unidad","1","CINTA DOBLE FAX ESPUMA","1","2000.0"
"CI018","Varios","Unidad","1","CINTA ANCHA X 200 METROS","1","8500.0"
"CI017","Varios","Unidad","1","CINTA ENMASCARA 2PULG X 200MTS","1","0.0"
"CI013","Varios","Unidad","1","CINTA ENMASCARAR DE 2""","1","5700.0"
"CI012","Varios","Unidad","1","CINTA ENMASCARAR 1""","1","2800.0"
"CI011","Varios","Unidad","1","CINTA ENMASCARAR 1/2PULG","1","1450.0"
"CI010-1","Varios","Unidad","1","CINTA MAGUIVER X 1 X 30 MTS","1","21500.0"
"CI010","Varios","Unidad","1","CINTA MAGUIVER X 1 X 10 MTS","1","0.0"
"CI009","Varios","Unidad","1","CINTA PRECIOS GRANDE","1","4400.0"
"CI008","Varios","Unidad","1","CINTA PRECIOS PEQUEÑA","1","1600.0"
"CI007","Varios","Unidad","1","CINTA MARQUESINA 3 PULGADAS","1","15900.0"
"CI005","Varios","Unidad","1","CINTA TRANSPARENTE  MEDIA PULGADA","1","800.0"
"CI004","Varios","Unidad","1","CINTA ANCHA X 500 METROS","1","20800.0"
"CI003","Varios","Unidad","1","CINTA ANCHA X 300 METROS","1","11700.0"
"CI002","Varios","Unidad","1","CINTA ANCHA X 100 METROS","1","5000.0"
"CI001","Varios","Unidad","1","CINTA ANCHA X 30 METROS","1","2600.0"
"C022","Cargaderas","Unidad","1","T 40 BLANCA  RECUPERADA X 100","1","11200.0"
"C021","Cargaderas","Unidad","1","C7 COLORES X 50 (CUERO DE VACA)","1","10800.0"
"C020-1","Cargaderas","Unidad","1","C7 NEGRA X 50 (CUERO DE VACA)","1","9800.0"
"C020","Cargaderas","Unidad","1","C7 NEGRA X 1   (CUERO DE VACA)","1","300.0"
"C019","Cargaderas","Unidad","1","C5 NEGRA (CHINCHAN)","1","11800.0"
"C018","Cargaderas","Unidad","1","T40 NEGRA BIODEGRADABLE","1","10900.0"
"C017","Cargaderas","Unidad","1","T40 NEGRA RECUPERADA","1","10400.0"
"C016","Cargaderas","Unidad","1","T60 NARANJA X 100","1","12400.0"
"C015","Cargaderas","Unidad","1","T30 G X S C","1","9500.0"
"C014","Cargaderas","Unidad","1","T30 BLANCA RECUPERADA","1","9300.0"
"C013-1","Cargaderas","Unidad","1","T30 NEGRA RECUPERADA X 100","1","7700.0"
"C013","Cargaderas","Unidad","1","T30 NEGRA RECUPERADA X 1","1","100.0"
"C012","Cargaderas","Unidad","1","T30 NEGRA ORIGINAL","1","8100.0"
"C011","Cargaderas","Unidad","1","T25 G X S C","1","5100.0"
"C010","Cargaderas","Unidad","1","T25 BLANCA RECUPERADA","1","4400.0"
"C008","Cargaderas","Unidad","1","T25 NEGRA RECUPERADA","1","4200.0"
"C007","Cargaderas","Unidad","1","T20 G X SC (gracias por su compra)","1","4100.0"
"C006","Cargaderas","Unidad","1","T20 BLANCA RECUPERADA","1","3500.0"
"C005","Cargaderas","Unidad","1","T20 NEGRA RECUPERADA","1","3300.0"
"C004","Cargaderas","Unidad","1","T15 BLANCA RECUPERADA","1","3700.0"
"C003","Cargaderas","Unidad","1","T15 NEGRA RECUPERADA","1","3700.0"
"C002-1","Cargaderas","Unidad","1","MANIGRUESA X 1000","1","105000.0"
"C002","Cargaderas","Unidad","1","MANIGRUESA X 50","1","6900.0"
"C001-1","Cargaderas","Unidad","1","MANIGUETA RAYADA X 50","1","4900.0"
"C001","Cargaderas","Unidad","1","MANIGUETA RAYADA X 1","1","200.0"
"BP016","Bolsas de Papel","Unidad","1","PAPEL ENVOLTURA RESMA","1","6450.0"
"BP014","Bolsas de Papel","Unidad","1","BOLSA DE PAPEL (CUBIERTO)","1","4200.0"
"BP013","Bolsas de Papel","Unidad","1","BOLSA DE PAPEL 12 LIBRAS","1","17800.0"
"BP012","Bolsas de Papel","Unidad","1","BOLSA DE PAPEL 6 LIBRAS","1","11900.0"
"BP011","Bolsas de Papel","Unidad","1","BOLSA DE PAPEL 4 LIBRAS","1","8400.0"
"BP010","Bolsas de Papel","Unidad","1","BOLSA DE PAPEL 3 LIBRAS","1","7300.0"
"BP009","Bolsas de Papel","Unidad","1","BOLSA DE PAPEL 2 LIBRAS","1","5600.0"
"BP008","Bolsas de Papel","Unidad","1","BOLSA DE PAPEL 1 LIBRA","1","4200.0"
"BP007","Bolsas de Papel","Unidad","1","BOLSA DE PAPEL MEDIA LIBRA","1","3500.0"
"BP006-1","Bolsas de Papel","Unidad","1","BOLSA DE PAPEL 115 BCA","1","11900.0"
"BP006","Bolsas de Papel","Unidad","1","BOLSA DE PAPEL 114 BCA","1","8200.0"
"BP005","Bolsas de Papel","Unidad","1","BOLSA DE PAPEL 112 BCA","1","5000.0"
"BP004-1","Bolsas de Papel","Unidad","1","BOLSA DE PAPEL 109 BCA","1","3500.0"
"BP004","Bolsas de Papel","Unidad","1","BOLSA DE PAPEL 107 BCA FARMACIA","1","3100.0"
"BP003","Bolsas de Papel","Unidad","1","BOLSA DE PAPEL 106 BCA FARMACIA","1","2600.0"
"BP002","Bolsas de Papel","Unidad","1","BOLSA DE PAPEL 105 BCA   FARMACIA","1","1800.0"
"BP001","Bolsas de Papel","Unidad","1","BOLSA DE PAPEL 104 BCA FARMACIA","1","1500.0"
"BO037","Bolsas Blancas","Unidad","1","24 X 34 X 100 BLANCA BIODEGRADABLE","1","14400.0"
"BO011","Bolsas Blancas","Unidad","1","20 X 30 BLANCA BIODEGRADABLE","1","14800.0"
"BO010","Bolsas Blancas","Unidad","1","18 X 24 BLANCA BIODEGRADABLE","1","10400.0"
"BO008","Bolsas Blancas","Unidad","1","15 X 22 BLANCA BIODEGRADABLE","1","7600.0"
"BO007","Bolsas Blancas","Unidad","1","14 X 20 BLANCA BIODEGRADABLE","1","5400.0"
"BO006","Bolsas Blancas","Unidad","1","12 X 16 BLANCA BIODEGRADABLE","1","3700.0"
"BO005","Bolsas Blancas","Unidad","1","10 X 14 BLANCA BIODEGRADABLE","1","2800.0"
"BO004","Bolsas Blancas","Unidad","1","8 X 12 BLANCA BIODEGRADABLE","1","2200.0"
"BO003","Bolsas Blancas","Unidad","1","7 X 10 BLANCA BIODEGRADABLE","1","1600.0"
"BO002","Bolsas Blancas","Unidad","1","6 X 8 BLANCA BIODEGRADABLE","1","1300.0"
"BO001","Bolsas Blancas","Unidad","1","4 X 6 X 500 BLANCA BIODEGRADABLE","1","6900.0"
"BH018","Bolsas Cierre Hermético","Unidad","1","BOLSA CIERRE 20 X 10 cm","1","5200.0"
"BH017","Bolsas Cierre Hermético","Unidad","1","BOLSA CIERRE 20 X 24 cm","1","12200.0"
"BH016","Bolsas Cierre Hermético","Unidad","1","BOLSA CIERRE 30 X 40 cm","1","24500.0"
"BH015","Bolsas Cierre Hermético","Unidad","1","BOLSA CIERRE 25 X 35 cm","1","18300.0"
"BH014","Bolsas Cierre Hermético","Unidad","1","BOLSA CIERRE 20 X 30 cm","1","12900.0"
"BH013","Bolsas Cierre Hermético","Unidad","1","BOLSA CIERRE 20 X 20 cm","1","9800.0"
"BH012","Bolsas Cierre Hermético","Unidad","1","BOLSA CIERRE 18 X 18 cm","1","9200.0"
"BH011","Bolsas Cierre Hermético","Unidad","1","BOLSA CIERRE 14 X 18 cm","1","6200.0"
"BH010","Bolsas Cierre Hermético","Unidad","1","BOLSA CIERRE 14 X 14 cm","1","5600.0"
"BH009","Bolsas Cierre Hermético","Unidad","1","BOLSA CIERRE 10 X 14 cm","1","4000.0"
"BH008","Bolsas Cierre Hermético","Unidad","1","BOLSA CIERRE 15 X 24 cm","1","8800.0"
"BH007","Bolsas Cierre Hermético","Unidad","1","BOLSA CIERRE 8 X 10 cm","1","2700.0"
"BH006","Bolsas Cierre Hermético","Unidad","1","BOLSA CIERRE 7.5 X 14 cm","1","3900.0"
"BH005","Bolsas Cierre Hermético","Unidad","1","BOLSA CIERRE 6 X 9 cm","1","2500.0"
"BH004","Bolsas Cierre Hermético","Unidad","1","BOLSA CIERRE 5 X 9 cm","1","2000.0"
"BH003","Bolsas Cierre Hermético","Unidad","1","BOLSA CIERRE 5 X 6 cm","1","1800.0"
"BH002","Bolsas Cierre Hermético","Unidad","1","BOLSA CIERRE 4 X 4 cm","1","1500.0"
"BH001","Bolsas Cierre Hermético","Unidad","1","BOLSA CIERRE 3 X 4 cm","1","1200.0"
"BT006","Bolsa Troquelada","Unidad","1","18 X 24 X 100 TROQUELADA COLORES","1","49800.0"
"BT005","Bolsa Troquelada","Unidad","1","15 X 18 X 100 TROQUELADA COLORES","1","41800.0"
"BT004","Bolsa Troquelada","Unidad","1","11 X 15 X 100 TROQUELADA COLORES","1","25200.0"
"BT003","Bolsa Troquelada","Unidad","1","8 X 12 FUCSIA X 100 TROQUELADA","1","0.0"
"BT002","Bolsa Troquelada","Unidad","1","8 X 12 X 100 COLORES TROQUELADA","1","14200.0"
"BT001","Bolsa Troquelada","Unidad","1","7 X 9 X 100 COLORES TROQUELADA","1","10200.0"
"BC035-1","Bolsas de Colores","Unidad","1","18 X 18 ROJA X 20","1","1700.0"
"BC035","Bolsas de Colores","Unidad","1","18 X 18 ROJA X100","1","7800.0"
"BC034-1","Bolsas de Colores","Unidad","1","32 X 50 AZUL X 10","1","0.0"
"BC034","Bolsas de Colores","Unidad","1","32 X 50 AZUL X 50","1","0.0"
"C030","Cargaderas","Unidad","1","T60 NEGRA X 100","1","12500.0"
"BC029","Bolsas de Colores","Unidad","1","BOLSA PLATANO X 10 (VERDE-AZUL)","1","6500.0"
"BC028","Bolsas de Colores","Unidad","1","BOLSA PLATANO X 25 (VERDE-AZUL)","1","15200.0"
"BC036-2","Bolsas de Colores","Unidad","1","32 X 50 BLANCA CALIBRE 3 X 25","1","40800.0"
"BC036-1","Bolsas de Colores","Unidad","1","32 X 50 BLANCA X 10","1","9000.0"
"BC036","Bolsas de Colores","Unidad","1","32 X 50 BLANCA X 50","1","44300.0"
"BC027-1","Bolsas de Colores","Unidad","1","32 X 50 GRIS X 10","1","0.0"
"BC027","Bolsas de Colores","Unidad","1","32 X 50 GRIS X 50","1","0.0"
"BC026-1","Bolsas de Colores","Unidad","1","32 X 50 VERDE X 10","1","9000.0"
"BC026","Bolsas de Colores","Unidad","1","32 X 50 VERDE X 50","1","44300.0"
"BC025-2","Bolsas de Colores","Unidad","1","32 X 50 ROJA CALIBRE 3 X 25","1","40800.0"
"BC025-1","Bolsas de Colores","Unidad","1","32 X 50 ROJA X 10","1","9000.0"
"BC025","Bolsas de Colores","Unidad","1","32 X 50 ROJA X 50","1","44300.0"
"BC022-1","Bolsas de Colores","Unidad","1","24 X 34 GRIS CALIBRE 1.5 X 10","1","6500.0"
"BC022","Bolsas de Colores","Unidad","1","24 X 34 GRIS CALIBRE 1.5 X 50","1","27300.0"
"BC021-1","Bolsas de Colores","Unidad","1","24 X 34 VERDE CALIBRE 1.5 X 10","1","6900.0"
"BC021","Bolsas de Colores","Unidad","1","24 X 34 VERDE CALIBRE 1.5 X 50","1","31400.0"
"BC020-1","Bolsas de Colores","Unidad","1","24 X 34 ROJA CALIBRE 1.5 X 10","1","6900.0"
"BC020","Bolsas de Colores","Unidad","1","24 X 34 ROJA CALIBRE 1.5 X 50","1","31400.0"
"BC017-1","Bolsas de Colores","Unidad","1","24 X 25 VERDE CALIBRE 1.5 X 10","1","5200.0"
"BC017","Bolsas de Colores","Unidad","1","24 X 25 VERDE CALIBRE 1.5 X 50","1","24000.0"
"BC016-1","Bolsas de Colores","Unidad","1","24 X 25 GRIS CALIBRE 1.5 X 10","1","5200.0"
"BC016","Bolsas de Colores","Unidad","1","24 X 25 GRIS CALIBRE 1.5 X 50","1","0.0"
"BC015-1","Bolsas de Colores","Unidad","1","24 X 25 ROJA CALIBRE 1.5 X 10","1","5200.0"
"BC015","Bolsas de Colores","Unidad","1","24 X 25 ROJA CALIBRE 1.5 X 50","1","24000.0"
"BC013-1","Bolsas de Colores","Unidad","1","18 X 24 GRIS CALIBRE 1.5 X 10","1","3800.0"
"BC013","Bolsas de Colores","Unidad","1","18 X 24 GRIS CALIBRE 1.5  X 50","1","15800.0"
"BC012-1","Bolsas de Colores","Unidad","1","18 X 24 VERDE CALIBRE 1.5 X 10","1","4400.0"
"BC012","Bolsas de Colores","Unidad","1","18 X 24 VERDE CALIBRE 1.5 X 50","1","18200.0"
"BC011-1","Bolsas de Colores","Unidad","1","18 X 24 ROJA CALIBRE 1.5 X 10","1","4400.0"
"BC011","Bolsas de Colores","Unidad","1","18 X 24 ROJA CALIBRE 1.5 X 50","1","18200.0"
"BC010-1","Bolsas de Colores","Unidad","1","18 X 24 GRIS X 20","1","2600.0"
"BC010","Bolsas de Colores","Unidad","1","18 X 24 GRIS X 100","1","10800.0"
"BC009-1","Bolsas de Colores","Unidad","1","18 X 24 VERDE X 20","1","2600.0"
"BC009","Bolsas de Colores","Unidad","1","18 X 24 VERDE X 100","1","10800.0"
"BC008-1","Bolsas de Colores","Unidad","1","18 X 24 ROJA X 20","1","2600.0"
"BC008","Bolsas de Colores","Unidad","1","18 X 24 ROJA X 100","1","10800.0"
"BC007","Bolsas de Colores","Unidad","1","10 X 14 ROJA O VERDE","1","7600.0"
"BA008-1","Bolsas Basura Negras","Unidad","1","PAPEL PARAFINADO X100 HOJAS 30X30 CM","1","13900.0"
"BA008","Bolsas Basura Negras","Unidad","1","PAPEL PARAFINADO X100 HOJAS 15X15 CM","1","3600.0"
"BA007","Bolsas Basura Negras","Unidad","1","ROLLO PARAFINADO 10MTS BLANCO","1","4200.0"
"BA006","Bolsas Basura Negras","Unidad","1","12 X 16 ALUMINIO X 100","1","11200.0"
"BA005","Bolsas Basura Negras","Unidad","1","10 X 14 ALUMINIO X 100","1","8500.0"
"BA004","Bolsas Basura Negras","Unidad","1","8 X 12 ALUMINIO X 100","1","5600.0"
"BA003","Bolsas Basura Negras","Unidad","1","7 X 10 ALUMINIO X 100","1","4100.0"
"BA002","Bolsas Basura Negras","Unidad","1","6 X 9 ALUMINIO  X 100","1","3100.0"
"BA001","Bolsas Basura Negras","Unidad","1","6 X 6 ALUMINIO ABIERTA X 100","1","2400.0"
"AP021","Aseo Personal","Unidad","1","PAPEL HIGIENICO ELITE X 30","1","42300.0"
"AP020-1","Aseo Personal","Unidad","1","CEPILLO DE DIENTES PRO X 14 (425)","1","56600.0"
"AP020","Aseo Personal","Unidad","1","CEPILLO DE DIENTES PRO X 1 (425)","1","4300.0"
"AP018","Aseo Personal","Unidad","1","PAPEL HIGIENICO SCOTT 2 EN 1 X 30 UND","1","40600.0"
"AP017","Aseo Personal","Unidad","1","HOJA DORCO UNIDAD","1","1500.0"
"AP016-1","Aseo Personal","Unidad","1","PAPEL HIGIENICO SCOTT X 12","1","21800.0"
"AP016","Aseo Personal","Unidad","1","TOALLA MANOS NUBE NATURAL EN Z","1","7900.0"
"AP013-1","Aseo Personal","Unidad","1","DISPENSADOR(ROLLO DE 250M)","1","58500.0"
"AP013","Aseo Personal","Unidad","1","PAPEL HIGIENICO 250 METROS","1","14800.0"
"AP010-1","Aseo Personal","Unidad","1","PAPEL HIGIENICO MAXI X 24 SCOTT","1","50900.0"
"AP009","Aseo Personal","Unidad","1","HOJA MINORA X 50 BARBEROS","1","16800.0"
"AP007","Aseo Personal","Unidad","1","HOJA DORCO X 30 (BARBEROS)","1","6800.0"
"AP006","Aseo Personal","Unidad","1","CREMA DENTAL SENSODYNE","1","19900.0"
"AP005","Aseo Personal","Unidad","1","HOJA MINORA UNIDAD","1","3000.0"
"AP004-1","Aseo Personal","Unidad","1","PRESTOBARBA GILLETE 3 HOJAS X 10","1","46300.0"
"AP004","Aseo Personal","Unidad","1","PRESTOBARBA  GILLETE 2 HOJAS X 12","1","39800.0"
"AP003-2","Aseo Personal","Unidad","1","PRESTOBARBA GILLETE X UNIDAD","1","4900.0"
"AP003-1","Aseo Personal","Unidad","1","PRESTOBARBA VENUS X 8 UNIDADES","1","40400.0"
"AP003","Aseo Personal","Unidad","1","PRESTOBARBA DORCO 2 HOJAS X 24","1","13700.0"
"AL020","Almacigo","Unidad","1","13 X 21 X 500 CON FUELLE","1","9750.0"
"AL019","Almacigo","Unidad","1","15 X 23 X 200 CON FUELLE   cms","1","3450.0"
"AL018","Almacigo","Unidad","1","13 X 21 X 200 CON FUELLE cms","1","3900.0"
"AL017","Almacigo","Unidad","1","8+2+2 X 14 (FRUTALES)","1","7400.0"
"AL016","Almacigo","Unidad","1","6 X 9 X 200 ALMACIGO","1","3900.0"
"AL015","Almacigo","Unidad","1","6 X 8 X 200 ALMACIGO","1","3700.0"
"AL014","Almacigo","Unidad","1","BOLSA DE CACAO 13 X 30 CM X 50 UNDS","1","8500.0"
"AL013","Almacigo","Unidad","1","5 X 9 X 200 CON FUELLE","1","2950.0"
"AL012","Almacigo","Unidad","1","5 X 9 X 200 ALMACIGO","1","3600.0"
"AL011","Almacigo","Unidad","1","5 X 9 X 100 ALMACIGO","1","1800.0"
"AL010","Almacigo","Unidad","1","5 X 8 X 200 ALMACIGO","1","3300.0"
"AL009","Almacigo","Unidad","1","5 X 7 X 200 ALMACIGO","1","2900.0"
"AL008","Almacigo","Unidad","1","10 X 17 CM X 1000 UND","1","7850.0"
"AL007","Almacigo","Unidad","1","4 X 9 X 200 ALMACIGO","1","3200.0"
"AL006","Almacigo","Unidad","1","4 X 8 X 500","1","5500.0"
"AL005","Almacigo","Unidad","1","4 X 8 X 200","1","2200.0"
"AL004","Almacigo","Unidad","1","4 X 6 X 500 ALMACIGO","1","5500.0"
"AL003","Almacigo","Unidad","1","4 X 6 X 200 ALMACIGO","1","2500.0"
"AL001","Almacigo","Unidad","1","3 X 4 X 200 (LULO)","1","2200.0"
"2","Varios","Unidad","1","Servicios profesionales / tecnicos / otros","1","0.0"
"1","Varios","Unidad","1","Producto genérico","1","0.0"
